id,apellidos,nombre,ambito,cargo,en_activo,grupo,circunscripcion,n_inmuebles,n_viviendas,n_viviendas_compartidas,n_locales,n_rusticos,n_otros_urbanos,n_provincias,provincias_inmuebles,provincias_viviendas,valor_catastral,cuentas,vehiculos,n_vehiculos,inversiones,otros_bienes,pasivo,tiene_hipoteca,patrimonio_declarado,rentas,salarios,otras_rentas,cuota_irpf,metodo_lectura,revisar,motivos_revision,fecha_declaracion,bocv,url_declaracion,url_ficha
14e506aa72d70d597b755db69897d454,Abad Soler,Ramón,Les Corts Valencianes,Diputado/a,True,Socialista,Alicante,0,0,0,0,0,0,0,,,0,0,9447.0,1,0,9447.0,4636.25,False,4810.75,57282.07,57282.07,0.0,14571.76,texto,False,Hay cuentas u otros bienes anotados en el apartado de deudas (se mantienen como están declarados),2024-01-10,40,https://www.cortsvalencianes.es/publicaciones-CV/obtenerPdfBO?f_id_bocv=XI00040000&idioma=es_ES#page=202,https://www.cortsvalencianes.es/es/composicion/diputados/xi/abad_soler_ramon/14e506aa72d70d597b755db69897d454
7a90000d9960e85f6a30cc5266c78c84,Aguilella Ramos,Salvador,Les Corts Valencianes,Diputado/a,True,Popular,Castellón,3,1,1,0,0,2,1,Castellón,Castellón,67919.63,11720.63,15450.0,2,0,27170.63,34803.87,True,60286.39,0,0,0,19113.79,ocr,False,,2023-06-16,3,https://www.cortsvalencianes.es/publicaciones-CV/obtenerPdfBO?f_id_bocv=XI00003000&idioma=es_ES#page=10,https://www.cortsvalencianes.es/es/composicion/diputados/xi/aguilella_ramos_salvador/7a90000d9960e85f6a30cc5266c78c84
630c05f386273f073d04d47bc68d6a57,Albiol Talaya,Jesús,Les Corts Valencianes,Diputado/a,True,Vox Cortes Valencianas,Castellón,0,0,0,0,0,0,0,,,0,0,12000.0,1,0,12000.0,0,False,12000.0,73406.06,73406.06,0.0,12011.35,texto,False,,2025-12-23,197,https://www.cortsvalencianes.es/publicaciones-CV/obtenerPdfBO?f_id_bocv=XI00197000&idioma=es_ES#page=68,https://www.cortsvalencianes.es/es/composicion/diputados/xi/albiol_talaya_jesus/630c05f386273f073d04d47bc68d6a57
7422f819592729e31e0a9a5e05434111,Aleixandre Aleixandre,Ignacio José,Les Corts Valencianes,Diputado/a,True,Popular,Valencia,0,0,0,0,0,0,0,,,0,112027.74,8500.0,1,0,120527.74,0,False,120527.74,49879.15,49575.32,303.83,15628.67,ocr,True,La suma de los otros bienes no coincide con el total declarado,2024-01-25,51,https://www.cortsvalencianes.es/publicaciones-CV/obtenerPdfBO?f_id_bocv=XI00051000&idioma=es_ES#page=491,https://www.cortsvalencianes.es/es/composicion/diputados/xi/aleixandre_aleixandre_ignacio_jose/7422f819592729e31e0a9a5e05434111
8d7c19fdea18bc3d312884b041e59123,Alés Estrella,Joaquín María,Les Corts Valencianes,Diputado/a,True,Vox Cortes Valencianas,Valencia,0,0,0,0,0,0,0,,,1000000.0,0,30000.0,1,0,30000.0,100000.0,True,930000.0,0,0,0,8816.63,texto,False,,2023-06-22,3,https://www.cortsvalencianes.es/publicaciones-CV/obtenerPdfBO?f_id_bocv=XI00003000&idioma=es_ES#page=25,https://www.cortsvalencianes.es/es/composicion/diputados/xi/ales_estrella_joaquin_maria/8d7c19fdea18bc3d312884b041e59123
a12fe3e998f2faeb61a08887c626c538,Alós Valls,Wenceslao,Les Corts Valencianes,Diputado/a,True,Popular,Castellón,10,3,2,2,1,4,1,Castellón,Castellón,743354.71,12000,6000,1,3000,21000,153000,True,611354.71,72792.8,59387.11,13405.69,17928.62,manual,False,"Formulario digital publicado como imagen y sin recuadros: transcrito a la vista del original (BOCV 3, págs. 28-30)",2023-07-07,3,https://www.cortsvalencianes.es/publicaciones-CV/obtenerPdfBO?f_id_bocv=XI00003000&idioma=es_ES#page=28,https://www.cortsvalencianes.es/es/composicion/diputados/xi/alos_valls_wenceslao/a12fe3e998f2faeb61a08887c626c538
01d9f858b9b54660098060e7d6a90cb7,Álvaro Cerezo,Mónica,Les Corts Valencianes,Diputado/a,True,Compromís,Castellón,0,0,0,0,0,0,0,,,324374.04,0,0,0,0,104.34,0,False,324478.38,69615.66,58195.39,11420.27,20730.01,texto,False,,2026-01-21,197,https://www.cortsvalencianes.es/publicaciones-CV/obtenerPdfBO?f_id_bocv=XI00197000&idioma=es_ES#page=77,https://www.cortsvalencianes.es/es/composicion/diputados/xi/alvaro_cerezo_monica/01d9f858b9b54660098060e7d6a90cb7
d163bb44951c4276030339689575058b,Amigó Laguarda,María José,Les Corts Valencianes,Diputado/a,True,Compromís,Valencia,5,3,2,0,0,2,1,Valencia,Valencia,675799.34,0,18000.0,1,55978.15,73978.15,147008.79,True,602768.7,89839.61,89199.65,639.96,30646.82,ocr,True,1 dato(s) con lectura dudosa del OCR,2023-07-26,40,https://www.cortsvalencianes.es/publicaciones-CV/obtenerPdfBO?f_id_bocv=XI00040000&idioma=es_ES#page=205,https://www.cortsvalencianes.es/es/composicion/diputados/xi/amigo_laguarda_maria_jose/d163bb44951c4276030339689575058b
d9786f9873097c344577c4272117be04,Andújar Durá,Alicia,Les Corts Valencianes,Diputado/a,True,Socialista,Valencia,2,1,0,0,0,1,1,Valencia,Valencia,40325.97,664.87,0,0,0,664.87,39227.11,True,1763.73,49376.65,48561.38,815.27,8317.19,texto,False,,2026-01-17,197,https://www.cortsvalencianes.es/publicaciones-CV/obtenerPdfBO?f_id_bocv=XI00197000&idioma=es_ES#page=92,https://www.cortsvalencianes.es/es/composicion/diputados/xi/andujar_dura_alicia/d9786f9873097c344577c4272117be04
5f519c2d76455f5d0caab5eceb06bf3c,Anglés Querol,Candela,Les Corts Valencianes,Diputado/a,True,Popular,Castellón,0,0,0,0,0,0,0,,,0,0,0,0,0,0,0,False,0,0,0,0,16757.67,ocr,False,,2023-08-01,19,https://www.cortsvalencianes.es/publicaciones-CV/obtenerPdfBO?f_id_bocv=XI00019000&idioma=es_ES#page=116,https://www.cortsvalencianes.es/es/composicion/diputados/xi/angles_querol_candela/5f519c2d76455f5d0caab5eceb06bf3c
46bdc180ff02e95c0bdff74910919e8a,Angulo Luna,María Consuelo,Les Corts Valencianes,Diputado/a,True,Socialista,Valencia,3,1,1,0,0,2,1,Valencia,Valencia,74016.51,0,0,0,0,0,41197.74,False,32818.77,73847.46,73786.58,60.88,20402.55,ocr,True,La suma de las deudas no coincide con el total declarado; El total de otros bienes repite el valor catastral y no tiene detalle: no se cuenta,2023-12-14,37,https://www.cortsvalencianes.es/publicaciones-CV/obtenerPdfBO?f_id_bocv=XI00037000&idioma=es_ES#page=153,https://www.cortsvalencianes.es/es/composicion/diputados/xi/angulo_luna_maria_consuelo/46bdc180ff02e95c0bdff74910919e8a
a49a07f8c0a306f0be940f9473579b74,Baldoví Roda,Joan Josep,Les Corts Valencianes,Diputado/a,True,Compromís,Valencia,5,3,3,1,1,0,1,Valencia,Valencia,245716,265000,8000,1,80000,393000,0,False,638716,80305.03,76490.48,3814.55,24454.35,manual,False,"Formulario escrito a mano: transcrito a la vista del original (BOCV 3, págs. 46-51)",2023-06-21,3,https://www.cortsvalencianes.es/publicaciones-CV/obtenerPdfBO?f_id_bocv=XI00003000&idioma=es_ES#page=46,https://www.cortsvalencianes.es/es/composicion/diputados/xi/baldovi_roda_joan_josep/a49a07f8c0a306f0be940f9473579b74
a915da294d6be24f6278e9a7cd17925a,Bartual Bermell,Francisca,Les Corts Valencianes,Diputado/a,True,Popular,Valencia,3,3,2,0,0,0,2,Castellón; Valencia,Castellón; Valencia,81170.32,5000.0,6500.0,1,0,11500.0,62461.29,False,30209.03,65301.2,65301.2,0.0,17700.31,ocr,True,1 dato(s) con lectura dudosa del OCR,2023-06-19,3,https://www.cortsvalencianes.es/publicaciones-CV/obtenerPdfBO?f_id_bocv=XI00003000&idioma=es_ES#page=61,https://www.cortsvalencianes.es/es/composicion/diputados/xi/bartual_bermell_francisca/a915da294d6be24f6278e9a7cd17925a
a556a967528c40a208523cf700d1a73f,Bastidas Bono,Elena María,Les Corts Valencianes,Diputado/a,True,Popular,Valencia,6,3,1,0,0,3,3,Alicante; Málaga; Valencia,Alicante; Valencia,485000.0,0,0,0,0,0,0,False,485000.0,45097.23,43004.09,2093.14,17732.47,texto,False,,2025-11-24,197,https://www.cortsvalencianes.es/publicaciones-CV/obtenerPdfBO?f_id_bocv=XI00197000&idioma=es_ES#page=95,https://www.cortsvalencianes.es/es/composicion/diputados/xi/bastidas_bono_elena_maria/a556a967528c40a208523cf700d1a73f
7552b271f3adc4719248887b308b0689,Bellver Alcántara,Ana María,Les Corts Valencianes,Diputado/a,True,Vox Cortes Valencianas,Valencia,4,3,3,0,0,1,2,Teruel; Valencia,Teruel; Valencia,113517.2,51121.62,0,0,825.65,51947.27,126094,True,39370.47,61930.22,61691.43,238.79,16499.04,manual,False,"Formulario escrito a mano: transcrito a la vista del original (BOCV 19, págs. 122-127)",2023-09-04,19,https://www.cortsvalencianes.es/publicaciones-CV/obtenerPdfBO?f_id_bocv=XI00019000&idioma=es_ES#page=122,https://www.cortsvalencianes.es/es/composicion/diputados/xi/bellver_alcantara_ana_maria/7552b271f3adc4719248887b308b0689
e56249b5beaebd961c6e21213f7ef04d,Besalduch Besalduch,Ana,Les Corts Valencianes,Diputado/a,True,Socialista,Castellón,1,1,0,0,0,0,1,Castellón,Castellón,36157.5,80000,13000,1,0,93000,0,False,129157.5,50003.45,45155.45,4848.0,16768.75,manual,False,"Formulario escrito a mano: transcrito a la vista del original (BOCV 3, págs. 70-75)",2023-06-20,3,https://www.cortsvalencianes.es/publicaciones-CV/obtenerPdfBO?f_id_bocv=XI00003000&idioma=es_ES#page=70,https://www.cortsvalencianes.es/es/composicion/diputados/xi/besalduch_besalduch_ana/e56249b5beaebd961c6e21213f7ef04d
802349dec6176f815e96ab76ac5c68c5,Betoret Coll,Vicente,Les Corts Valencianes,Diputado/a,True,Popular,Valencia,3,3,1,0,0,0,1,Valencia,Valencia,200358.0,3000.0,33000.0,1,0,36000.0,30000.0,True,206358.0,69771.75,60043.75,9728.0,17789.21,ocr,True,1 dato(s) con lectura dudosa del OCR,2025-03-27,197,https://www.cortsvalencianes.es/publicaciones-CV/obtenerPdfBO?f_id_bocv=XI00197000&idioma=es_ES#page=98,https://www.cortsvalencianes.es/es/composicion/diputados/xi/betoret_coll_vicente/802349dec6176f815e96ab76ac5c68c5
644e683b12f8f892f11ee5e60ec73b57,Blanch Marín,Ernesto,Les Corts Valencianes,Diputado/a,True,Socialista,Castellón,1,1,1,0,0,0,1,Castellón,Castellón,44302.57,18828.53,0,0,0,18848.54,86000.0,True,-22848.89,57341.07,57310.33,30.74,12081.58,texto,False,La suma de los otros bienes no coincide con el total declarado (así consta en el original),2023-06-21,3,https://www.cortsvalencianes.es/publicaciones-CV/obtenerPdfBO?f_id_bocv=XI00003000&idioma=es_ES#page=82,https://www.cortsvalencianes.es/es/composicion/diputados/xi/blanch_marin_ernesto/644e683b12f8f892f11ee5e60ec73b57
acb86fe099f83c904ca8fdd4fde14b9e,Bordera Romá,Juan,Les Corts Valencianes,Diputado/a,True,Compromís,Alicante,1,0,0,0,1,0,1,Alicante,,5562.47,0,0,0,0,0,10536.08,False,-4973.61,56620.45,56620.45,0.0,961.2,texto,False,Hay cuentas u otros bienes anotados en el apartado de deudas (se mantienen como están declarados),2023-06-22,3,https://www.cortsvalencianes.es/publicaciones-CV/obtenerPdfBO?f_id_bocv=XI00003000&idioma=es_ES#page=85,https://www.cortsvalencianes.es/es/composicion/diputados/xi/bordera_roma_juan/acb86fe099f83c904ca8fdd4fde14b9e
0f8051d8f31f74db98792b7b28b9ec43,Caballero Hueso,Mercedes,Les Corts Valencianes,Diputado/a,True,Socialista,Valencia,2,1,1,0,0,1,1,Valencia,Valencia,95987.57,0,6500.0,1,340.0,6840.0,223067.2,True,-120239.63,59473.05,59403.05,70.0,16749.04,texto,False,Hay cuentas u otros bienes anotados en el apartado de deudas (se mantienen como están declarados),2026-01-07,197,https://www.cortsvalencianes.es/publicaciones-CV/obtenerPdfBO?f_id_bocv=XI00197000&idioma=es_ES#page=104,https://www.cortsvalencianes.es/es/composicion/diputados/xi/caballero_hueso_mercedes/0f8051d8f31f74db98792b7b28b9ec43
a8697d170151b9854a47cd0057cdb5e5,Calabuig Vanyó,María José,Les Corts Valencianes,Diputado/a,True,Compromís,Alicante,2,1,0,0,0,1,1,Alicante,Alicante,29335.67,5869.9,16483.2,1,0,22353.1,9533.86,False,42154.91,0,0,0,15904.93,texto,True,Hay una modificación posterior (BOCV 40) que parece parcial: no repite los inmuebles. Se muestra la declaración completa anterior,2023-06-22,3,https://www.cortsvalencianes.es/publicaciones-CV/obtenerPdfBO?f_id_bocv=XI00003000&idioma=es_ES#page=106,https://www.cortsvalencianes.es/es/composicion/diputados/xi/calabuig_vanyo_maria_jose/a8697d170151b9854a47cd0057cdb5e5
cb0af9470474050df2a7168ad9c9e904,Cámara Landete,Raquel,Les Corts Valencianes,Diputado/a,True,Socialista,Valencia,1,1,1,0,0,0,1,Valencia,Valencia,12330.18,0,0,0,0,0,0,False,12330.18,,,,,ocr,False,,2026-02-05,208,https://www.cortsvalencianes.es/publicaciones-CV/obtenerPdfBO?f_id_bocv=XI00208000&idioma=es_ES#page=122,https://www.cortsvalencianes.es/es/composicion/diputados/xi/camara_landete_raquel/cb0af9470474050df2a7168ad9c9e904
b30f7aacc1ac2a2c82272b0d145ee2c9,Castelló Sáez,Alfredo Cesáreo,Les Corts Valencianes,Diputado/a,True,Popular,Valencia,3,2,2,0,0,1,1,Valencia,Valencia,35537,54936,20000,1,270000,344936,0,False,380473,105939.5,86547.07,19392.43,65315.13,manual,False,"Formulario escaneado a baja resolución: transcrito a la vista del original (BOCV 197, págs. 107-112)",2025-07-03,197,https://www.cortsvalencianes.es/publicaciones-CV/obtenerPdfBO?f_id_bocv=XI00197000&idioma=es_ES#page=107,https://www.cortsvalencianes.es/es/composicion/diputados/xi/castello_saez_alfredo_cesareo/b30f7aacc1ac2a2c82272b0d145ee2c9
8f5ee5374fa10c8381be83b5f2c164b6,Catalá Verdet,María José,Les Corts Valencianes,Diputado/a,True,Popular,Valencia,2,1,0,0,0,1,1,Valencia,Valencia,160182.27,0,0,0,0,41808.08,138941.25,True,63049.1,75383.11,68758.87,6624.24,36491.67,ocr,False,,2025-01-02,120,https://www.cortsvalencianes.es/publicaciones-CV/obtenerPdfBO?f_id_bocv=XI00120000&idioma=es_ES#page=169,https://www.cortsvalencianes.es/es/composicion/diputados/xi/catala_verdet_maria_jose/8f5ee5374fa10c8381be83b5f2c164b6
e0a762dabd3a90f9bd301b316e730340,Chuliá Serra,Laura,Les Corts Valencianes,Diputado/a,True,Popular,Valencia,1,1,0,0,0,0,1,Valencia,Valencia,58361.26,102.45,0,0,7117.98,7220.43,77304.87,True,-11723.18,46118.23,45859.91,258.32,17915.53,ocr,True,La suma de las deudas no coincide con el total declarado,2024-09-11,120,https://www.cortsvalencianes.es/publicaciones-CV/obtenerPdfBO?f_id_bocv=XI00120000&idioma=es_ES#page=175,https://www.cortsvalencianes.es/es/composicion/diputados/xi/chulia_serra_laura/e0a762dabd3a90f9bd301b316e730340
f5a747543aab0bb013aa7fd3ba85a50b,Chulvi Español,José,Les Corts Valencianes,Diputado/a,True,Socialista,Alicante,3,1,1,0,0,0,1,Alicante,Alicante,43134.27,88521.33,15085.35,2,0,103606.68,109600.06,True,37140.89,63506.27,63506.27,0.0,29954.33,ocr,True,2 inmueble(s) sin tipo reconocible,2023-06-19,3,https://www.cortsvalencianes.es/publicaciones-CV/obtenerPdfBO?f_id_bocv=XI00003000&idioma=es_ES#page=124,https://www.cortsvalencianes.es/es/composicion/diputados/xi/chulvi_espanol_jose/f5a747543aab0bb013aa7fd3ba85a50b
ae8c5f31bd01d2b4fe5cf4d8dc62545c,Císcar Martínez,Noelia,Les Corts Valencianes,Diputado/a,True,Popular,Alicante,1,1,0,0,0,0,0,,,0,0,0,0,0,0,212800.0,True,-212800.0,60213.99,60213.99,0.0,23882.91,ocr,True,La última declaración publicada (BOCV 120) no trae bienes; se muestran los de la anterior; 1 inmueble(s) sin provincia reconocible,2025-01-15,120,https://www.cortsvalencianes.es/publicaciones-CV/obtenerPdfBO?f_id_bocv=XI00120000&idioma=es_ES#page=187,https://www.cortsvalencianes.es/es/composicion/diputados/xi/ciscar_martinez_noelia/ae8c5f31bd01d2b4fe5cf4d8dc62545c
0ac8666d2dcad5c62a1c1a46afff4879,Contelles Llopis,María Carmen,Les Corts Valencianes,Diputado/a,True,Popular,Valencia,3,2,2,0,0,1,1,Valencia,Valencia,202150.79,18751.0,4500.0,1,16679.79,39930.79,7057.56,False,235024.02,43236.96,43236.96,0.0,15151.98,ocr,True,1 dato(s) con lectura dudosa del OCR,2023-09-01,40,https://www.cortsvalencianes.es/publicaciones-CV/obtenerPdfBO?f_id_bocv=XI00040000&idioma=es_ES#page=226,https://www.cortsvalencianes.es/es/composicion/diputados/xi/contelles_llopis_maria_carmen/0ac8666d2dcad5c62a1c1a46afff4879
1a4ed74b0988ef8a88b6bac7896db5e0,Criado Gonzálbez,María de los Ángeles,Les Corts Valencianes,Diputado/a,True,Vox Cortes Valencianas,Valencia,7,7,1,0,0,0,1,Valencia,Valencia,216355.24,8.0,1500.0,1,4855830.88,4990040.88,0,False,5206396.12,54593.65,50077.62,4516.03,12601.95,ocr,True,Hay una modificación posterior (BOCV 120) que parece parcial: no repite los inmuebles. Se muestra la declaración completa anterior; 4 dato(s) con lectura dudosa del OCR,2023-06-22,3,https://www.cortsvalencianes.es/publicaciones-CV/obtenerPdfBO?f_id_bocv=XI00003000&idioma=es_ES#page=133,https://www.cortsvalencianes.es/es/composicion/diputados/xi/criado_gonzalbez_maria_de_los_angeles/1a4ed74b0988ef8a88b6bac7896db5e0
6a26a976a98fb83de940bcc927c75bc0,Díaz Fernández,José Antonio,Les Corts Valencianes,Diputado/a,True,Socialista,Alicante,2,2,2,0,0,0,1,Alicante,Alicante,94442.92,0,41000.0,1,0,41000.0,141496.66,True,-6053.74,69438.48,69438.48,0.0,18404.57,ocr,False,,2023-09-14,19,https://www.cortsvalencianes.es/publicaciones-CV/obtenerPdfBO?f_id_bocv=XI00019000&idioma=es_ES#page=140,https://www.cortsvalencianes.es/es/composicion/diputados/xi/diaz_fernandez_jose_antonio/6a26a976a98fb83de940bcc927c75bc0
f3b3871b1265f2813c0455e6c12df7b1,Dolón Sánchez,Eduardo Jorge,Les Corts Valencianes,Diputado/a,True,Popular,Alicante,2,0,0,0,0,2,1,Alicante,,18824.81,40130.42,17000.0,2,0,57130.42,543.72,False,75411.51,97873.65,94327.53,3546.12,32870.78,ocr,True,La última declaración publicada (BOCV 120) no trae bienes; se muestran los de la anterior,2023-06-15,3,https://www.cortsvalencianes.es/publicaciones-CV/obtenerPdfBO?f_id_bocv=XI00003000&idioma=es_ES#page=139,https://www.cortsvalencianes.es/es/composicion/diputados/xi/dolon_sanchez_eduardo_jorge/f3b3871b1265f2813c0455e6c12df7b1
84f1bdf9e5261705ddb4f0c11ae95d8b,Espinosa Giménez,Paula Virgínia,Les Corts Valencianes,Diputado/a,True,Compromís,Valencia,6,3,2,1,1,1,2,Albacete; Valencia,Albacete; Valencia,75442.51,17300.0,0,0,0,17300.0,0,False,92742.51,56394.0,56394.0,0.0,64.34,ocr,True,La última declaración publicada (BOCV 197) no trae bienes; se muestran los de la anterior; 1 dato(s) con lectura dudosa del OCR; La suma de los inmuebles no coincide con el total declarado,2023-06-22,3,https://www.cortsvalencianes.es/publicaciones-CV/obtenerPdfBO?f_id_bocv=XI00003000&idioma=es_ES#page=153,https://www.cortsvalencianes.es/es/composicion/diputados/xi/espinosa_gimenez_paula_virginia/84f1bdf9e5261705ddb4f0c11ae95d8b
0e3833abae65cabc1e04efda872089d7,Esteve Aparicio,Carlos,Les Corts Valencianes,Diputado/a,True,Compromís,Valencia,0,0,0,0,0,0,0,,,0,0,4000.0,1,1476812.29,519942.98,98946.81,False,420996.17,89226.0,48561.36,40664.64,28493.66,texto,False,Hay cuentas u otros bienes anotados en el apartado de deudas (se mantienen como están declarados),2023-06-23,3,https://www.cortsvalencianes.es/publicaciones-CV/obtenerPdfBO?f_id_bocv=XI00003000&idioma=es_ES#page=159,https://www.cortsvalencianes.es/es/composicion/diputados/xi/esteve_aparicio_carlos/0e3833abae65cabc1e04efda872089d7
71bcfcb525537ab1a3e771ef1404f14f,Fernández Aparicio,Sofía,Les Corts Valencianes,Diputado/a,True,Socialista,Castellón,0,0,0,0,0,0,0,,,0,22600.0,0,0,0,22600.0,0,False,22600.0,54253.99,54253.99,0.0,13541.79,ocr,False,,2023-10-17,34,https://www.cortsvalencianes.es/publicaciones-CV/obtenerPdfBO?f_id_bocv=XI00034000&idioma=es_ES#page=100,https://www.cortsvalencianes.es/es/composicion/diputados/xi/fernandez_aparicio_sofia/71bcfcb525537ab1a3e771ef1404f14f
d23d8198c129f4f38c9efa014095fe53,Font de Mora Rullán,Alejo,Les Corts Valencianes,Diputado/a,True,Popular,Castellón,7,4,3,0,0,3,1,Castellón,Castellón,333869.22,7469.54,14646.0,2,68855.27,95800.35,181397.14,True,248272.43,46936.87,33862.42,13074.45,9031.89,ocr,False,,2024-07-19,113,https://www.cortsvalencianes.es/publicaciones-CV/obtenerPdfBO?f_id_bocv=XI00113000&idioma=es_ES#page=117,https://www.cortsvalencianes.es/es/composicion/diputados/xi/font_de_mora_rullan_alejo/d23d8198c129f4f38c9efa014095fe53
363cb0d1d018035be2ce0d3dd94dd08f,Forés Sanz,José,Les Corts Valencianes,Diputado/a,True,Popular,Valencia,1,1,1,0,0,0,1,Alicante,Alicante,32707.77,0,0,0,0,0,0,False,32707.77,88563.69,88563.69,0.0,23601.94,texto,False,,2025-09-10,197,https://www.cortsvalencianes.es/publicaciones-CV/obtenerPdfBO?f_id_bocv=XI00197000&idioma=es_ES#page=116,https://www.cortsvalencianes.es/es/composicion/diputados/xi/fores_sanz_jose/363cb0d1d018035be2ce0d3dd94dd08f
d31a8c149d0919e093db4e37b21651aa,Fullana Martínez,Gerard,Les Corts Valencianes,Diputado/a,True,Compromís,Alicante,1,1,1,0,0,0,1,Alicante,Alicante,87000.0,0,30000.0,1,0,30000.0,88500.0,True,28500.0,65124.0,59724.0,5400.0,16162.52,texto,False,,2023-06-18,40,https://www.cortsvalencianes.es/publicaciones-CV/obtenerPdfBO?f_id_bocv=XI00040000&idioma=es_ES#page=232,https://www.cortsvalencianes.es/es/composicion/diputados/xi/fullana_martinez_gerard/d31a8c149d0919e093db4e37b21651aa
74e7a04464ec60753e08d00c92fd0e43,Galcerán Gadea,María del Mar,Les Corts Valencianes,Diputado/a,True,Popular,Valencia,1,1,0,0,0,0,1,Valencia,Valencia,28246.93,101400.0,0,0,0,101400.0,86000.0,True,43646.93,58306.37,55136.37,3170.0,13043.77,ocr,False,,2023-09-15,19,https://www.cortsvalencianes.es/publicaciones-CV/obtenerPdfBO?f_id_bocv=XI00019000&idioma=es_ES#page=152,https://www.cortsvalencianes.es/es/composicion/diputados/xi/galceran_gadea_maria_del_mar/74e7a04464ec60753e08d00c92fd0e43
d5569b6db7f2a0438ab63f77d1ca2357,García Madrid,María Teresa,Les Corts Valencianes,Diputado/a,True,Socialista,Alicante,4,2,2,0,1,1,1,Alicante,Alicante,33379.77,22769.7,13609.04,1,0,36378.74,64303.99,True,5454.52,67244.22,67242.84,1.38,19340.26,ocr,True,1 dato(s) con lectura dudosa del OCR,2023-06-20,3,https://www.cortsvalencianes.es/publicaciones-CV/obtenerPdfBO?f_id_bocv=XI00003000&idioma=es_ES#page=180,https://www.cortsvalencianes.es/es/composicion/diputados/xi/garcia_madrid_maria_teresa/d5569b6db7f2a0438ab63f77d1ca2357
23b3c40600cda23fb0e9bac612fb5aa8,Gascó Enríquez,Beatriz,Les Corts Valencianes,Diputado/a,True,Popular,Castellón,2,1,1,0,0,1,1,Castellón,Castellón,71625.9,6000.0,8000.0,1,0,15000.0,164446.48,True,-77820.58,53693.3,53387.03,306.27,14329.89,texto,False,La suma de los otros bienes no coincide con el total declarado (así consta en el original),2023-06-16,3,https://www.cortsvalencianes.es/publicaciones-CV/obtenerPdfBO?f_id_bocv=XI00003000&idioma=es_ES#page=186,https://www.cortsvalencianes.es/es/composicion/diputados/xi/gasco_enriquez_beatriz/23b3c40600cda23fb0e9bac612fb5aa8
c854dd84c3c2e850ed4cce635e540bf5,Gaspar Ramos,Antoni Francesc,Les Corts Valencianes,Diputado/a,True,Socialista,Valencia,0,0,0,0,0,0,0,,,2024.0,130000.0,10000.0,1,308200.0,450000.0,500.0,False,451524.0,123575.72,74007.1,49568.62,24059.81,texto,True,Hay una modificación posterior (BOCV 197) que parece parcial: no repite los inmuebles. Se muestra la declaración completa anterior; La suma de los otros bienes no coincide con el total declarado (así consta en el original),2025-01-14,120,https://www.cortsvalencianes.es/publicaciones-CV/obtenerPdfBO?f_id_bocv=XI00120000&idioma=es_ES#page=208,https://www.cortsvalencianes.es/es/composicion/diputados/xi/gaspar_ramos_antoni_francesc/c854dd84c3c2e850ed4cce635e540bf5
b27f3627e7552a5cadf74e7d977d7737,Gayo Madera,María Luisa,Les Corts Valencianes,Diputado/a,True,Popular,Alicante,1,1,1,0,0,0,1,Alicante,Alicante,28618.59,0,20000.0,1,0,20000.0,0,False,48618.59,64275.45,64275.45,0.0,20786.04,texto,False,,2023-06-20,3,https://www.cortsvalencianes.es/publicaciones-CV/obtenerPdfBO?f_id_bocv=XI00003000&idioma=es_ES#page=192,https://www.cortsvalencianes.es/es/composicion/diputados/xi/gayo_madera_maria_luisa/b27f3627e7552a5cadf74e7d977d7737
2c9dd0c2151fbe2f5ba4cab33f82db23,Gigante Melego,Andrea,Les Corts Valencianes,Diputado/a,True,Popular,Valencia,4,0,0,0,4,0,1,Ciudad Real,,192.08,16000.0,0,0,0,16000.0,0,False,16192.08,49547.3,49547.3,0.0,12859.76,ocr,False,,2023-10-03,22,https://www.cortsvalencianes.es/publicaciones-CV/obtenerPdfBO?f_id_bocv=XI00022000&idioma=es_ES#page=123,https://www.cortsvalencianes.es/es/composicion/diputados/xi/gigante_melego_andrea/2c9dd0c2151fbe2f5ba4cab33f82db23
b2a830265b3f092f4d6218075b0901a1,Giner Beltrán,José Domingo,Les Corts Valencianes,Diputado/a,True,Popular,Castellón,4,1,1,0,3,0,2,Castellón; Tarragona,Castellón,5998.5,0,13000.0,2,0,13000.0,45798.5,False,-26800.0,0,0,0,23310.18,texto,False,La suma de los inmuebles no coincide con el total declarado (así consta en el original),2023-07-31,19,https://www.cortsvalencianes.es/publicaciones-CV/obtenerPdfBO?f_id_bocv=XI00019000&idioma=es_ES#page=158,https://www.cortsvalencianes.es/es/composicion/diputados/xi/giner_beltran_jose_domingo/b2a830265b3f092f4d6218075b0901a1
6938441d4097bd3f41346c63b2d4495e,Gómez García,María,Les Corts Valencianes,Diputado/a,True,Popular,Alicante,8,4,3,2,1,1,0,,,275245.58,65598.21,0,0,3971.46,69569.67,13341.73,False,331473.52,0,0,0,15995.51,texto,True,Fila de inmuebles con un número raro de casillas; Fila de inmuebles con un número raro de casillas; 8 inmueble(s) sin provincia reconocible; La suma de los inmuebles no coincide con el total declarado (así consta en el original); La suma de los otros bienes no coincide con el total declarado (así consta en el original),2023-06-22,3,https://www.cortsvalencianes.es/publicaciones-CV/obtenerPdfBO?f_id_bocv=XI00003000&idioma=es_ES#page=195,https://www.cortsvalencianes.es/es/composicion/diputados/xi/gomez_garcia_maria/6938441d4097bd3f41346c63b2d4495e
e68c18e259b70c89e2b0197df85ed387,Gómez Rey,Silvia,Les Corts Valencianes,Diputado/a,True,Socialista,Castellón,2,2,2,0,0,0,1,Castellón,Castellón,63488.88,17840.0,0,0,0,17840.0,63338.0,False,17990.88,60870.01,59870.01,1000.0,23149.3,texto,False,La suma de las deudas no coincide con el total declarado (así consta en el original),2023-06-21,3,https://www.cortsvalencianes.es/publicaciones-CV/obtenerPdfBO?f_id_bocv=XI00003000&idioma=es_ES#page=199,https://www.cortsvalencianes.es/es/composicion/diputados/xi/gomez_rey_silvia/e68c18e259b70c89e2b0197df85ed387
3676a4e7e411c284c2db84e7eaf02c2e,González de Zárate Unamuno,José Ramón,Les Corts Valencianes,Diputado/a,True,Popular,Alicante,1,1,0,0,0,0,1,Alicante,Alicante,82478.3,0,0,0,0,0,0,False,82478.3,81597.63,82006.65,-409.02,26162.32,manual,True,"La última declaración publicada (BOCV 120) no trae bienes; se muestran los de la anterior; Formulario escaneado con mucho ruido: transcrito a la vista del original (BOCV 3, págs. 202-207)",2023-06-16,3,https://www.cortsvalencianes.es/publicaciones-CV/obtenerPdfBO?f_id_bocv=XI00003000&idioma=es_ES#page=202,https://www.cortsvalencianes.es/es/composicion/diputados/xi/gonzalez_de_zarate_unamuno_jose_ramon/3676a4e7e411c284c2db84e7eaf02c2e
59e4eac3f2df40960f3990b9205bdaf5,González La Red,Magdalena María,Les Corts Valencianes,Diputado/a,True,Popular,Valencia,6,4,2,0,1,1,5,Alicante; Bizkaia; Burgos; Valencia; Álava,Alicante; Bizkaia; Valencia; Álava,388577.71,72052.04,30000.0,1,3761.5,105813.54,494389.25,True,2.0,59073.13,50038.6,9034.53,13476.8,texto,False,La suma de los otros bienes no coincide con el total declarado (así consta en el original); La suma de las deudas no coincide con el total declarado (así consta en el original),2023-06-15,3,https://www.cortsvalencianes.es/publicaciones-CV/obtenerPdfBO?f_id_bocv=XI00003000&idioma=es_ES#page=208,https://www.cortsvalencianes.es/es/composicion/diputados/xi/gonzalez_la_red_magdalena_maria/59e4eac3f2df40960f3990b9205bdaf5
28659511b404396bcbf8d11ad63b68c4,Granel Cabedo,Vicent,Les Corts Valencianes,Diputado/a,True,Compromís,Castellón,2,1,1,0,0,1,1,Castellón,Castellón,61725.08,0,0,0,0,0,117076.24,True,-55351.16,44720.41,44720.41,0.0,11075.43,ocr,False,,2026-01-28,197,https://www.cortsvalencianes.es/publicaciones-CV/obtenerPdfBO?f_id_bocv=XI00197000&idioma=es_ES#page=122,https://www.cortsvalencianes.es/es/composicion/diputados/xi/granel_cabedo_vicent/28659511b404396bcbf8d11ad63b68c4
d412ca3a60da0357e3939b322c79328e,Gutiérrez Martín,Javier,Les Corts Valencianes,Diputado/a,True,Popular,Alicante,9,6,5,1,0,2,1,Alicante,Alicante,464835.67,275742.79,8040.0,1,98613.07,382395.86,174359.0,True,672872.53,81193.77,75435.18,5758.59,25917.76,texto,True,Hay una modificación posterior (BOCV 197) que parece parcial: no repite los inmuebles. Se muestra la declaración completa anterior; La suma de los inmuebles no coincide con el total declarado (así consta en el original),2023-07-31,19,https://www.cortsvalencianes.es/publicaciones-CV/obtenerPdfBO?f_id_bocv=XI00019000&idioma=es_ES#page=161,https://www.cortsvalencianes.es/es/composicion/diputados/xi/gutierrez_martin_javier/d412ca3a60da0357e3939b322c79328e
5decc3b3ced261e07bc15ae20bad3b70,Ibáñez Candelera,Rocío,Les Corts Valencianes,Diputado/a,True,Socialista,Castellón,0,0,0,0,0,0,0,,,0,0,9000.0,2,0,9000.0,371.99,False,8628.01,64452.92,64452.92,0.0,15641.69,ocr,False,Hay cuentas u otros bienes anotados en el apartado de deudas (se mantienen como están declarados),2023-06-22,3,https://www.cortsvalencianes.es/publicaciones-CV/obtenerPdfBO?f_id_bocv=XI00003000&idioma=es_ES#page=214,https://www.cortsvalencianes.es/es/composicion/diputados/xi/ibanez_candelera_rocio/5decc3b3ced261e07bc15ae20bad3b70
539fa7dcf6011965f1d727a3bfc799aa,Juárez Pastor,Ana Belén,Les Corts Valencianes,Diputado/a,True,Socialista,Alicante,4,2,0,0,0,2,1,Alicante,Alicante,90362.66,0,0,1,0,0,0,False,90362.66,0,0,0,6567.39,ocr,False,,2024-03-12,55,https://www.cortsvalencianes.es/publicaciones-CV/obtenerPdfBO?f_id_bocv=XI00055000&idioma=es_ES#page=118,https://www.cortsvalencianes.es/es/composicion/diputados/xi/juarez_pastor_ana_belen/539fa7dcf6011965f1d727a3bfc799aa
e3b2502645d9dd61db18364abd797f61,Lecha Tena,Jesús Antonio,Les Corts Valencianes,Diputado/a,True,Popular,Castellón,3,3,0,0,0,0,2,Teruel; Valencia,Teruel; Valencia,78704.75,0,0,0,0,0,0,False,78704.75,60867.44,60867.44,0.0,16371.43,texto,False,,2025-09-22,197,https://www.cortsvalencianes.es/publicaciones-CV/obtenerPdfBO?f_id_bocv=XI00197000&idioma=es_ES#page=134,https://www.cortsvalencianes.es/es/composicion/diputados/xi/lecha_tena_jesus_antonio/e3b2502645d9dd61db18364abd797f61
88d9b6cffb6e6e0e1d499322b24b9006,Llanos Pitarch,José María,Les Corts Valencianes,Diputado/a,True,Vox Cortes Valencianas,Valencia,3,2,1,0,0,1,1,Valencia,Valencia,81326.31,0,0,0,0,0,180000.0,True,-98673.69,61501.21,61501.21,0.0,25612.17,texto,False,,2023-06-20,3,https://www.cortsvalencianes.es/publicaciones-CV/obtenerPdfBO?f_id_bocv=XI00003000&idioma=es_ES#page=224,https://www.cortsvalencianes.es/es/composicion/diputados/xi/llanos_pitarch_jose_maria/88d9b6cffb6e6e0e1d499322b24b9006
87f5c37757f4d4faec390cccb7215e59,Llop Montón,Adoración,Les Corts Valencianes,Diputado/a,True,Popular,Castellón,3,2,1,0,0,1,0,,,94243.0,5000.0,0,0,4000.0,9000.0,90000.0,False,13243.0,77300.99,53852.25,23448.74,14787.77,ocr,True,3 inmueble(s) sin provincia reconocible,2023-06-16,3,https://www.cortsvalencianes.es/publicaciones-CV/obtenerPdfBO?f_id_bocv=XI00003000&idioma=es_ES#page=227,https://www.cortsvalencianes.es/es/composicion/diputados/xi/llop_monton_adoracion/87f5c37757f4d4faec390cccb7215e59
c49430f119f51f9a3281cf5ade3f3d19,Llopis Noheda,Julia María,Les Corts Valencianes,Diputado/a,True,Vox Cortes Valencianas,Alicante,7,4,3,1,0,2,1,Alicante,Alicante,285129.51,298943.63,36000.0,1,38350.89,658724.03,0,False,943853.54,64755.68,57614.12,7141.56,1553.14,texto,False,El total de deudas repite el de otro apartado y no tiene detalle: no se cuenta; La suma de los otros bienes no coincide con el total declarado (así consta en el original),2023-06-20,3,https://www.cortsvalencianes.es/publicaciones-CV/obtenerPdfBO?f_id_bocv=XI00003000&idioma=es_ES#page=233,https://www.cortsvalencianes.es/es/composicion/diputados/xi/llopis_noheda_julia_maria/c49430f119f51f9a3281cf5ade3f3d19
33196b0e2b986b4ef033f4d6785a70d6,Lorenz Andrés,José Luis,Les Corts Valencianes,Diputado/a,True,Socialista,Castellón,2,2,1,0,0,0,1,Castellón,Castellón,87138.69,26983.76,0,0,10000,36983.76,24662.76,True,99459.69,63247.52,62700.24,547.28,14368.61,manual,False,"Formulario escrito a mano: transcrito a la vista del original (BOCV 3, págs. 241-245)",2023-06-16,3,https://www.cortsvalencianes.es/publicaciones-CV/obtenerPdfBO?f_id_bocv=XI00003000&idioma=es_ES#page=241,https://www.cortsvalencianes.es/es/composicion/diputados/xi/lorenz_andres_jose_luis/33196b0e2b986b4ef033f4d6785a70d6
4befcd47989565d8ab3d9ef65d9b7ebc,Marcos Puig,Verónica,Les Corts Valencianes,Diputado/a,True,Popular,Valencia,5,2,1,0,0,3,1,Valencia,Valencia,143425.01,26690.0,42000.0,1,0,68690.0,205345.0,False,6770.01,64985.19,52985.19,12000.0,14721.02,texto,False,,2023-06-19,3,https://www.cortsvalencianes.es/publicaciones-CV/obtenerPdfBO?f_id_bocv=XI00003000&idioma=es_ES#page=246,https://www.cortsvalencianes.es/es/composicion/diputados/xi/marcos_puig_veronica/4befcd47989565d8ab3d9ef65d9b7ebc
830dbc19265692af0c9ea073394e54c9,Martínez Clemor,María del Carmen,Les Corts Valencianes,Diputado/a,True,Popular,Alicante,4,2,2,0,0,2,1,Alicante,Alicante,159733.28,5000.0,53000.0,3,0,58000.0,60613.0,True,157120.28,63475.13,63475.13,0.0,16457.41,ocr,False,,2023-08-01,19,https://www.cortsvalencianes.es/publicaciones-CV/obtenerPdfBO?f_id_bocv=XI00019000&idioma=es_ES#page=170,https://www.cortsvalencianes.es/es/composicion/diputados/xi/martinez_clemor_maria_del_carmen/830dbc19265692af0c9ea073394e54c9
68895633730c3cdf9cd6d9a6291c66d8,Martínez Fuentes,Luis,Les Corts Valencianes,Diputado/a,True,Popular,Castellón,5,3,3,2,0,0,1,Castellón,Castellón,104467.0,42455.0,15000.0,1,34627.0,92082.0,359603.0,False,-163054.0,50075.0,50075.0,0.0,17258.63,ocr,True,La suma de las deudas no coincide con el total declarado,2023-09-04,19,https://www.cortsvalencianes.es/publicaciones-CV/obtenerPdfBO?f_id_bocv=XI00019000&idioma=es_ES#page=176,https://www.cortsvalencianes.es/es/composicion/diputados/xi/martinez_fuentes_luis/68895633730c3cdf9cd6d9a6291c66d8
be5d7de42f88a4811f27df1769d9ed50,Martínez García,Cristina,Les Corts Valencianes,Diputado/a,True,Socialista,Valencia,0,0,0,0,0,0,0,,,0,0,0,0,0,0,0,False,0,56849.0,56516.11,332.89,14786.79,texto,False,,2023-06-21,3,https://www.cortsvalencianes.es/publicaciones-CV/obtenerPdfBO?f_id_bocv=XI00003000&idioma=es_ES#page=249,https://www.cortsvalencianes.es/es/composicion/diputados/xi/martinez_garcia_cristina/be5d7de42f88a4811f27df1769d9ed50
9f6f0fd8fb7b8ec4b80b1c6951f78ef2,Martínez Tarazona,María Nieves,Les Corts Valencianes,Diputado/a,True,Popular,Castellón,2,1,1,0,1,0,1,Castellón,Castellón,76380.25,40000.0,27600.0,1,33111.93,100711.93,0,False,177092.18,51375.03,51375.03,0.0,19777.93,ocr,True,La suma de los otros bienes no coincide con el total declarado,2024-02-20,120,https://www.cortsvalencianes.es/publicaciones-CV/obtenerPdfBO?f_id_bocv=XI00120000&idioma=es_ES#page=217,https://www.cortsvalencianes.es/es/composicion/diputados/xi/martinez_tarazona_maria_nieves/9f6f0fd8fb7b8ec4b80b1c6951f78ef2
95102e2466e7f2d31493a844b53087e4,Mas Mas,Aitana Joana,Les Corts Valencianes,Diputado/a,True,Compromís,Alicante,2,1,1,0,0,1,1,Alicante,Alicante,202000.0,2871.18,0,0,0,2871.18,140696.0,True,64175.18,62303.35,61842.45,460.9,17230.31,texto,False,La suma de las deudas no coincide con el total declarado (así consta en el original),2026-01-11,197,https://www.cortsvalencianes.es/publicaciones-CV/obtenerPdfBO?f_id_bocv=XI00197000&idioma=es_ES#page=137,https://www.cortsvalencianes.es/es/composicion/diputados/xi/mas_mas_aitana_joana/95102e2466e7f2d31493a844b53087e4
50b62395136e98bd1d3b5c191a508355,Massó Linares,María de los Llanos,Les Corts Valencianes,Diputado/a,True,Vox Cortes Valencianas,Castellón,6,2,1,3,0,1,2,Albacete; Castellón,Albacete; Castellón,410577.23,0,7000.0,1,0,7000.0,57560.74,False,360016.49,122411.39,99797.81,22613.58,45708.24,texto,False,Hay cuentas u otros bienes anotados en el apartado de deudas (se mantienen como están declarados); La suma de los inmuebles no coincide con el total declarado (así consta en el original),2023-06-20,3,https://www.cortsvalencianes.es/publicaciones-CV/obtenerPdfBO?f_id_bocv=XI00003000&idioma=es_ES#page=267,https://www.cortsvalencianes.es/es/composicion/diputados/xi/masso_linares_maria_de_los_llanos/50b62395136e98bd1d3b5c191a508355
1c8a8943e5d69c215a32b4e229b75ee7,Mazón Guixot,Carlos Arturo,Les Corts Valencianes,Diputado/a,True,Popular,Alicante,3,2,2,1,0,0,1,Alicante,Alicante,67213.68,0,0,1,0,187714.85,82638.9,True,172289.63,86015.3,86015.3,0.0,27512.78,texto,False,,2026-01-28,197,https://www.cortsvalencianes.es/publicaciones-CV/obtenerPdfBO?f_id_bocv=XI00197000&idioma=es_ES#page=140,https://www.cortsvalencianes.es/es/composicion/diputados/xi/mazon_guixot_carlos_arturo/1c8a8943e5d69c215a32b4e229b75ee7
2fa9a687cb008794e7d0b1457d349593,Mompó Peruga,Benjamín,Les Corts Valencianes,Diputado/a,True,Socialista,Valencia,2,2,1,0,0,0,1,Valencia,Valencia,2882.03,7359.24,8700.0,1,0,16059.24,11507.83,False,7433.44,50349.6,51196.35,-846.75,12227.72,ocr,False,,2023-12-19,37,https://www.cortsvalencianes.es/publicaciones-CV/obtenerPdfBO?f_id_bocv=XI00037000&idioma=es_ES#page=165,https://www.cortsvalencianes.es/es/composicion/diputados/xi/mompo_peruga_benjamin/2fa9a687cb008794e7d0b1457d349593
502e5a1fac82e85f3bc1f1150aff0365,Montaner Berbel,Michel,Les Corts Valencianes,Diputado/a,True,Socialista,Valencia,2,1,0,0,0,1,1,Valencia,Valencia,64044.0,10000.0,35000.0,1,0,45000.0,80388.0,False,28656.0,62946.33,62944.93,1.4,15677.29,texto,False,,2025-12-27,197,https://www.cortsvalencianes.es/publicaciones-CV/obtenerPdfBO?f_id_bocv=XI00197000&idioma=es_ES#page=143,https://www.cortsvalencianes.es/es/composicion/diputados/xi/montaner_berbel_michel/502e5a1fac82e85f3bc1f1150aff0365
300120688addd8e2abfb4bfdd78a2530,Muñoz Lladró,José,Les Corts Valencianes,Diputado/a,True,Socialista,Valencia,1,1,0,0,0,0,1,Valencia,Valencia,48423.53,21200,0,0,0,31200,105829.71,True,-26206.18,72022.45,71735.6,286.85,21260.36,manual,False,"Formulario escrito a mano: transcrito a la vista del original (BOCV 3, págs. 286-291). En la casilla del total de deudas anota el saldo neto (-26.206,18 €), que cuadra con los importes transcritos",2023-06-19,3,https://www.cortsvalencianes.es/publicaciones-CV/obtenerPdfBO?f_id_bocv=XI00003000&idioma=es_ES#page=286,https://www.cortsvalencianes.es/es/composicion/diputados/xi/munoz_lladro_jose/300120688addd8e2abfb4bfdd78a2530
779d09ce8ff3f318677a1ba2aeafe0b8,Muñoz Pérez,David,Les Corts Valencianes,Diputado/a,True,Vox Cortes Valencianas,Castellón,0,0,0,0,0,0,0,,,0,0,30641.0,1,0,30641.0,0,False,30641.0,91683.62,89745.77,1937.85,31688.57,texto,False,,2025-10-27,197,https://www.cortsvalencianes.es/publicaciones-CV/obtenerPdfBO?f_id_bocv=XI00197000&idioma=es_ES#page=146,https://www.cortsvalencianes.es/es/composicion/diputados/xi/munoz_perez_david/779d09ce8ff3f318677a1ba2aeafe0b8
21388d4c40c6f090ac04d5c13a0824fb,Muñoz Salvador,José,Les Corts Valencianes,Diputado/a,True,Vox Cortes Valencianas,Alicante,0,0,0,0,0,0,0,,,0,0,0,0,0,0,0,False,0,61820.38,61820.38,0.0,15620.95,texto,False,,2023-06-22,3,https://www.cortsvalencianes.es/publicaciones-CV/obtenerPdfBO?f_id_bocv=XI00003000&idioma=es_ES#page=298,https://www.cortsvalencianes.es/es/composicion/diputados/xi/munoz_salvador_jose/21388d4c40c6f090ac04d5c13a0824fb
be1eb9a22b69481fafa518d6d9b4ee3d,Navalón García,María Rosario,Les Corts Valencianes,Diputado/a,True,Socialista,Alicante,4,2,2,0,0,2,1,Alicante,Alicante,87420.63,12584.0,0,0,0,41584.0,10000.0,False,119004.63,0,0,0,18865.38,ocr,True,1 dato(s) con lectura dudosa del OCR,2023-06-20,3,https://www.cortsvalencianes.es/publicaciones-CV/obtenerPdfBO?f_id_bocv=XI00003000&idioma=es_ES#page=301,https://www.cortsvalencianes.es/es/composicion/diputados/xi/navalon_garcia_maria_rosario/be1eb9a22b69481fafa518d6d9b4ee3d
19671dbd5959a180191c492455b7a323,Navarro Casillas,Isaura,Les Corts Valencianes,Diputado/a,True,Compromís,Valencia,3,1,0,0,0,2,1,Valencia,Valencia,59751.88,0,0,0,0,0,0,False,59751.88,71965.56,69115.45,2850.11,17567.05,texto,True,Hay una modificación posterior (BOCV 40) que parece parcial: no repite los inmuebles. Se muestra la declaración completa anterior,2023-06-20,3,https://www.cortsvalencianes.es/publicaciones-CV/obtenerPdfBO?f_id_bocv=XI00003000&idioma=es_ES#page=306,https://www.cortsvalencianes.es/es/composicion/diputados/xi/navarro_casillas_isaura/19671dbd5959a180191c492455b7a323
e6c9b462efcd0b78cc731f96380d433c,Navarro Forcada,María Luisa,Les Corts Valencianes,Diputado/a,True,Socialista,Alicante,5,3,3,0,0,2,1,Alicante,Alicante,145583.74,152762.51,36400.0,3,0,189162.51,76743.56,True,258002.69,67178.65,61775.53,5403.12,17389.12,texto,False,,2025-01-07,120,https://www.cortsvalencianes.es/publicaciones-CV/obtenerPdfBO?f_id_bocv=XI00120000&idioma=es_ES#page=229,https://www.cortsvalencianes.es/es/composicion/diputados/xi/navarro_forcada_maria_luisa/e6c9b462efcd0b78cc731f96380d433c
624e0654ad6b2f95f0fa639332ae3c78,Pascual Pérez,Miguel,Les Corts Valencianes,Diputado/a,True,Vox Cortes Valencianas,Alicante,2,1,0,0,0,1,1,Alicante,Alicante,61000.0,0,18000.0,1,93000.0,111000.0,0,False,172000.0,53043.83,52313.54,730.29,13810.57,texto,False,La suma de los otros bienes no coincide con el total declarado (así consta en el original),2023-06-22,3,https://www.cortsvalencianes.es/publicaciones-CV/obtenerPdfBO?f_id_bocv=XI00003000&idioma=es_ES#page=324,https://www.cortsvalencianes.es/es/composicion/diputados/xi/pascual_perez_miguel/624e0654ad6b2f95f0fa639332ae3c78
c7fff7b455a6d18e9ee80465c8e59218,Pastor Llorens,Fernando,Les Corts Valencianes,Diputado/a,True,Popular,Alicante,1,0,0,1,0,0,0,,,71293.0,0,0,0,0,71293.0,71293.0,False,71293.0,0,0,0,20494.63,ocr,True,1 dato(s) con lectura dudosa del OCR; 1 inmueble(s) sin provincia reconocible,2025-02-27,197,https://www.cortsvalencianes.es/publicaciones-CV/obtenerPdfBO?f_id_bocv=XI00197000&idioma=es_ES#page=149,https://www.cortsvalencianes.es/es/composicion/diputados/xi/pastor_llorens_fernando/c7fff7b455a6d18e9ee80465c8e59218
e1316c8e6c793c2c42844429e308cdd3,Peña Villaescusa,Dolores,Les Corts Valencianes,Diputado/a,True,Popular,Alicante,3,3,0,0,0,0,1,Alicante,Alicante,509034.64,75000.0,0,0,5200.0,80200.0,250000.0,True,339234.64,104572.38,45978.3,58594.08,26254.15,ocr,False,,2023-08-01,19,https://www.cortsvalencianes.es/publicaciones-CV/obtenerPdfBO?f_id_bocv=XI00019000&idioma=es_ES#page=194,https://www.cortsvalencianes.es/es/composicion/diputados/xi/pena_villaescusa_dolores/e1316c8e6c793c2c42844429e308cdd3
8a8706e9aa6bb4ead8790bf96e711189,Peral Mateos,Lucía,Les Corts Valencianes,Diputado/a,True,Popular,Alicante,0,0,0,0,0,0,0,,,0,0,31000.0,1,0,31000.0,30000.0,False,1000.0,41319.65,41319.65,0.0,15890.81,ocr,False,,2024-09-10,120,https://www.cortsvalencianes.es/publicaciones-CV/obtenerPdfBO?f_id_bocv=XI00120000&idioma=es_ES#page=235,https://www.cortsvalencianes.es/es/composicion/diputados/xi/peral_mateos_lucia/8a8706e9aa6bb4ead8790bf96e711189
6fbdc475600ed1a423f0b369070ed8a9,Pérez Fenoll,Manuel,Les Corts Valencianes,Diputado/a,True,Popular,Alicante,7,2,2,0,2,3,1,Alicante,Alicante,532309.31,140767.67,19000.0,2,416095.25,595862.92,39734.84,False,1088437.39,79436.53,70323.57,9112.96,44109.02,ocr,False,,2023-08-02,19,https://www.cortsvalencianes.es/publicaciones-CV/obtenerPdfBO?f_id_bocv=XI00019000&idioma=es_ES#page=200,https://www.cortsvalencianes.es/es/composicion/diputados/xi/perez_fenoll_manuel/6fbdc475600ed1a423f0b369070ed8a9
3a8c3d3be5b3d510ea39429617ede0b0,Pérez Llorca,Juan Francisco,Les Corts Valencianes,Diputado/a,True,Popular,Alicante,0,0,0,0,0,0,0,,,0,0,0,1,0,193523.5,28648.29,False,164875.21,88310.96,88151.82,159.14,27567.38,texto,False,,2026-01-22,197,https://www.cortsvalencianes.es/publicaciones-CV/obtenerPdfBO?f_id_bocv=XI00197000&idioma=es_ES#page=159,https://www.cortsvalencianes.es/es/composicion/diputados/xi/perez_llorca_juan_francisco/3a8c3d3be5b3d510ea39429617ede0b0
6618d2f25f5118a06fb3a18e95023bf1,Peris Cervera,Rosa,Les Corts Valencianes,Diputado/a,True,Socialista,Valencia,1,1,0,0,0,0,1,Madrid,Madrid,25941,3740,5000,1,0,8740,73851,True,-39170,66235.0,57979.0,8256.0,14078.87,manual,False,"Formulario escrito a mano: transcrito a la vista del original (BOCV 3, págs. 336-341)",2023-06-21,3,https://www.cortsvalencianes.es/publicaciones-CV/obtenerPdfBO?f_id_bocv=XI00003000&idioma=es_ES#page=336,https://www.cortsvalencianes.es/es/composicion/diputados/xi/peris_cervera_rosa/6618d2f25f5118a06fb3a18e95023bf1
f2d2539d967af445c73fb1c4093d0247,Pina Huertas,Núria,Les Corts Valencianes,Diputado/a,True,Socialista,Alicante,1,1,1,0,0,0,1,Alicante,Alicante,70899.45,0,0,0,0,0,0,False,70899.45,87519.0,87519.0,0.0,27799.12,texto,False,,2023-06-20,3,https://www.cortsvalencianes.es/publicaciones-CV/obtenerPdfBO?f_id_bocv=XI00003000&idioma=es_ES#page=342,https://www.cortsvalencianes.es/es/composicion/diputados/xi/pina_huertas_nuria/f2d2539d967af445c73fb1c4093d0247
2e9c558fbbd13e0e16704f7674e21d0f,Pla Herrero,Jesús,Les Corts Valencianes,Diputado/a,True,Compromís,Valencia,4,1,0,2,1,0,1,Valencia,Valencia,88278.35,188832.77,0,0,0,188832.77,35872.82,True,241238.3,70220.04,48155.57,22064.47,19145.51,texto,False,La suma de las deudas no coincide con el total declarado (así consta en el original),2023-06-22,3,https://www.cortsvalencianes.es/publicaciones-CV/obtenerPdfBO?f_id_bocv=XI00003000&idioma=es_ES#page=345,https://www.cortsvalencianes.es/es/composicion/diputados/xi/pla_herrero_jesus/2e9c558fbbd13e0e16704f7674e21d0f
cf05c4919e5d310ac916026435e30350,Ramírez Jurado,María Teresa,Les Corts Valencianes,Diputado/a,True,Vox Cortes Valencianas,Alicante,3,2,0,0,0,1,1,Alicante,Alicante,171618.97,0,20000.0,1,0,20000.0,277418.97,False,-85800.0,62212.29,61775.45,436.84,16269.54,texto,False,Hay cuentas u otros bienes anotados en el apartado de deudas (se mantienen como están declarados); La suma de las deudas no coincide con el total declarado (así consta en el original),2023-06-20,3,https://www.cortsvalencianes.es/publicaciones-CV/obtenerPdfBO?f_id_bocv=XI00003000&idioma=es_ES#page=363,https://www.cortsvalencianes.es/es/composicion/diputados/xi/ramirez_jurado_maria_teresa/cf05c4919e5d310ac916026435e30350
848fe2ff0d4f2b465aef9ca7ca0a0061,Rey Tormos,Romina María del,Les Corts Valencianes,Diputado/a,True,Socialista,Valencia,2,2,2,0,0,0,1,Valencia,Valencia,77720.21,49500.0,0,0,0,49500.0,35864.0,False,91356.21,50637.64,50636.47,1.17,12269.25,ocr,False,,2025-01-24,133,https://www.cortsvalencianes.es/publicaciones-CV/obtenerPdfBO?f_id_bocv=XI00133000&idioma=es_ES#page=36,https://www.cortsvalencianes.es/es/composicion/diputados/xi/rey_tormos_romina_maria_del/848fe2ff0d4f2b465aef9ca7ca0a0061
a0644da1b302c0950410822c72a867f8,Roch Cazorla,Dolores,Les Corts Valencianes,Diputado/a,True,Popular,Valencia,1,1,0,0,0,0,1,Valencia,Valencia,73767.79,95010.0,1000.0,1,0,96010.0,0,False,169777.79,37586.1,37586.1,0.0,12950.48,ocr,True,No se ha encontrado el apartado de pasivo,2023-06-19,3,https://www.cortsvalencianes.es/publicaciones-CV/obtenerPdfBO?f_id_bocv=XI00003000&idioma=es_ES#page=366,https://www.cortsvalencianes.es/es/composicion/diputados/xi/roch_cazorla_dolores/a0644da1b302c0950410822c72a867f8
b2f7344348ea21d7636bb315b495b2e7,Roig Oliver,Francesc,Les Corts Valencianes,Diputado/a,True,Compromís,Valencia,0,0,0,0,0,0,0,,,0,6502.0,20000.0,1,0,26502.0,5390.0,False,21112.0,52810.03,52810.03,0.0,14136.17,texto,False,,2023-06-21,3,https://www.cortsvalencianes.es/publicaciones-CV/obtenerPdfBO?f_id_bocv=XI00003000&idioma=es_ES#page=369,https://www.cortsvalencianes.es/es/composicion/diputados/xi/roig_oliver_francesc/b2f7344348ea21d7636bb315b495b2e7
55625ff952ba3758f52f577a00b08863,Ruiz Castell,Pedro,Les Corts Valencianes,Diputado/a,True,Socialista,Valencia,2,1,1,0,0,1,1,Valencia,Valencia,49010.19,23519.78,0,0,5750.38,29270.16,126849.45,True,-48569.1,53111.53,53111.53,0.0,13617.26,ocr,False,,2023-12-14,37,https://www.cortsvalencianes.es/publicaciones-CV/obtenerPdfBO?f_id_bocv=XI00037000&idioma=es_ES#page=159,https://www.cortsvalencianes.es/es/composicion/diputados/xi/ruiz_castell_pedro/55625ff952ba3758f52f577a00b08863
cee894ff61146f09bb05642a8ac5ad8a,Ruiz Escrig,Verònica,Les Corts Valencianes,Diputado/a,True,Compromís,Castellón,4,2,1,0,0,2,1,Castellón,Castellón,79415.88,0,20000,1,0,20000,2908.64,True,96507.24,53408.51,53408.51,0.0,14187.09,manual,False,"Formulario escrito a mano: transcrito a la vista del original (BOCV 3, págs. 378-383)",2023-06-20,3,https://www.cortsvalencianes.es/publicaciones-CV/obtenerPdfBO?f_id_bocv=XI00003000&idioma=es_ES#page=378,https://www.cortsvalencianes.es/es/composicion/diputados/xi/ruiz_escrig_veronica/cee894ff61146f09bb05642a8ac5ad8a
ff746dfd0f9c3b1bf53fa631c3729271,Salas Maldonado,José,Les Corts Valencianes,Diputado/a,True,Popular,Alicante,0,0,0,0,0,0,0,,,0,0,500.0,1,0,500.0,51176.0,False,-50676.0,42627.12,42627.12,0.0,15576.72,ocr,False,Hay cuentas u otros bienes anotados en el apartado de deudas (se mantienen como están declarados),2023-08-01,19,https://www.cortsvalencianes.es/publicaciones-CV/obtenerPdfBO?f_id_bocv=XI00019000&idioma=es_ES#page=208,https://www.cortsvalencianes.es/es/composicion/diputados/xi/salas_maldonado_jose/ff746dfd0f9c3b1bf53fa631c3729271
9107223d2314a3e488c77cac83fd150e,Salvador Rubert,María José,Les Corts Valencianes,Diputado/a,True,Socialista,Castellón,1,1,0,0,0,0,1,Castellón,Castellón,55629.12,0,0,1,0,190827.69,46027.36,True,200429.45,0,0,0,19892.52,texto,False,,2026-01-02,197,https://www.cortsvalencianes.es/publicaciones-CV/obtenerPdfBO?f_id_bocv=XI00197000&idioma=es_ES#page=162,https://www.cortsvalencianes.es/es/composicion/diputados/xi/salvador_rubert_maria_jose/9107223d2314a3e488c77cac83fd150e
4f8851af6bb85aaeae867dac96dcd40a,Sánchez Orta,Yaissel,Les Corts Valencianes,Diputado/a,True,Socialista,Alicante,0,0,0,0,0,0,0,,,0,0,0,0,0,0,55234.04,True,-55234.04,0,0,0,14742.29,texto,False,Hay cuentas u otros bienes anotados en el apartado de deudas (se mantienen como están declarados),2023-06-15,3,https://www.cortsvalencianes.es/publicaciones-CV/obtenerPdfBO?f_id_bocv=XI00003000&idioma=es_ES#page=389,https://www.cortsvalencianes.es/es/composicion/diputados/xi/sanchez_orta_yaissel/4f8851af6bb85aaeae867dac96dcd40a
f1564c5b4820f07749691b89865aeaab,Simó Sancho,Rafael,Les Corts Valencianes,Diputado/a,True,Socialista,Castellón,1,1,1,0,0,0,1,Castellón,Castellón,117036.45,0,31500.0,1,0,31500.0,247655.8,True,-99119.35,0,0,0,11255.39,texto,False,Hay cuentas u otros bienes anotados en el apartado de deudas (se mantienen como están declarados); La suma de las deudas no coincide con el total declarado (así consta en el original),2025-12-19,197,https://www.cortsvalencianes.es/publicaciones-CV/obtenerPdfBO?f_id_bocv=XI00197000&idioma=es_ES#page=165,https://www.cortsvalencianes.es/es/composicion/diputados/xi/simo_sancho_rafael/f1564c5b4820f07749691b89865aeaab
938cbeb9d9a52027ac059bc7435788ec,Soler Azorín,Laura,Les Corts Valencianes,Diputado/a,True,Socialista,Alicante,5,5,0,0,0,0,1,Alicante,Alicante,240268.3,18076.32,18400,1,0,46988.14,65300.36,True,221956.08,0,0,0,,manual,False,"Formulario escrito a mano: transcrito a la vista del original (BOCV 3, págs. 403-408); La suma de los otros bienes no coincide con el total declarado (así consta en el original)",2023-06-23,3,https://www.cortsvalencianes.es/publicaciones-CV/obtenerPdfBO?f_id_bocv=XI00003000&idioma=es_ES#page=403,https://www.cortsvalencianes.es/es/composicion/diputados/xi/soler_azorin_laura/938cbeb9d9a52027ac059bc7435788ec
d0e0b98bcfd5dd8644f66e0113d8ff8d,Soler Beneyto,Víctor,Les Corts Valencianes,Diputado/a,True,Popular,Valencia,1,1,1,0,0,0,1,Valencia,Valencia,87006.0,27391.79,0,0,44117.62,71509.41,105173.13,True,53342.28,95160.75,94788.67,372.08,33964.76,texto,False,,2023-06-19,3,https://www.cortsvalencianes.es/publicaciones-CV/obtenerPdfBO?f_id_bocv=XI00003000&idioma=es_ES#page=409,https://www.cortsvalencianes.es/es/composicion/diputados/xi/soler_beneyto_victor/d0e0b98bcfd5dd8644f66e0113d8ff8d
a7a759060d10cd315995ba2f9fca16de,Torres García,Nathalie,Les Corts Valencianes,Diputado/a,True,Compromís,Valencia,1,1,0,0,0,0,1,Valencia,Valencia,69511.89,0,0,0,0,0,178500.0,True,-108988.11,57780.38,57780.38,0.0,15783.33,ocr,False,,2025-01-16,120,https://www.cortsvalencianes.es/publicaciones-CV/obtenerPdfBO?f_id_bocv=XI00120000&idioma=es_ES#page=241,https://www.cortsvalencianes.es/es/composicion/diputados/xi/torres_garcia_nathalie/a7a759060d10cd315995ba2f9fca16de
2eaf7fc8c0f5a6209bae8a51201c7489,Turiel Mollá,Miriam,Les Corts Valencianes,Diputado/a,True,Vox Cortes Valencianas,Valencia,2,2,2,0,0,0,1,Valencia,Valencia,139563.31,4800.0,0,0,0,4800.0,9330.0,True,135033.31,54114.29,54114.29,0.0,12939.44,ocr,False,,2023-06-21,3,https://www.cortsvalencianes.es/publicaciones-CV/obtenerPdfBO?f_id_bocv=XI00003000&idioma=es_ES#page=420,https://www.cortsvalencianes.es/es/composicion/diputados/xi/turiel_molla_miriam/2eaf7fc8c0f5a6209bae8a51201c7489
ba526901b3070048086de06d8ab3074f,Vega Campos,Ana,Les Corts Valencianes,Diputado/a,True,Vox Cortes Valencianas,Alicante,1,1,1,0,0,0,1,Alicante,Alicante,16000.0,31709.57,0,0,0,41709.57,42750.0,True,14959.57,87737.4,87680.76,56.64,21631.27,texto,False,,2023-06-21,3,https://www.cortsvalencianes.es/publicaciones-CV/obtenerPdfBO?f_id_bocv=XI00003000&idioma=es_ES#page=426,https://www.cortsvalencianes.es/es/composicion/diputados/xi/vega_campos_ana/ba526901b3070048086de06d8ab3074f
0213888fead59ad3105761b593ef7335,Villar García,Mario Elías,Les Corts Valencianes,Diputado/a,True,Socialista,Alicante,2,2,1,0,0,0,1,Alicante,Alicante,55611.27,25700.0,3300.0,2,7000.0,51000.0,129920.0,False,-23308.73,59958.01,57246.04,2711.97,16856.17,texto,True,Hay una modificación posterior (BOCV 197) que parece parcial: no repite los inmuebles. Se muestra la declaración completa anterior,2023-07-24,40,https://www.cortsvalencianes.es/publicaciones-CV/obtenerPdfBO?f_id_bocv=XI00040000&idioma=es_ES#page=260,https://www.cortsvalencianes.es/es/composicion/diputados/xi/villar_garcia_mario_elias/0213888fead59ad3105761b593ef7335
c42fc3925eea9704d2d5a14467546657,Zaplana López,José Juan,Les Corts Valencianes,Diputado/a,True,Popular,Alicante,2,1,1,0,0,1,1,Alicante,Alicante,33853.77,900.0,12500.0,1,0,19400.0,59317.74,True,-6063.97,42232.55,42232.55,0.0,15323.04,texto,False,,2023-06-15,3,https://www.cortsvalencianes.es/publicaciones-CV/obtenerPdfBO?f_id_bocv=XI00003000&idioma=es_ES#page=432,https://www.cortsvalencianes.es/es/composicion/diputados/xi/zaplana_lopez_jose_juan/c42fc3925eea9704d2d5a14467546657
ex-aguirre-larrauri-jose-luis,Aguirre Larrauri,José Luis,Les Corts Valencianes,Exdiputado/a,False,,Valencia,1,1,0,0,0,0,1,Valencia,Valencia,98831.0,0,0,0,241921.0,265975.0,120000.0,True,244806.0,,,,,ocr,True,La suma de las deudas no coincide con el total declarado,2023-08-17,40,https://www.cortsvalencianes.es/publicaciones-CV/obtenerPdfBO?f_id_bocv=XI00040000&idioma=es_ES#page=267,
ex-barrachina-mateu-marta,Barrachina Mateu,Marta,Les Corts Valencianes,Exdiputado/a,False,,Castellón,1,1,1,0,0,0,1,Castellón,Castellón,20353.2,11700.0,15000.0,1,0,26700.0,0,False,47053.2,,,,,ocr,False,,2023-09-05,40,https://www.cortsvalencianes.es/publicaciones-CV/obtenerPdfBO?f_id_bocv=XI00040000&idioma=es_ES#page=273,
ex-barrachina-ros-miguel,Barrachina Ros,Miguel,Les Corts Valencianes,Exdiputado/a,False,,Castellón,7,3,1,1,1,2,3,Castellón; Madrid; Teruel,Castellón; Madrid,245752.0,38772.0,12000.0,1,29429.0,179016.0,0,False,424768.0,,,,,ocr,True,La suma de los inmuebles no coincide con el total declarado,2024-07-31,120,https://www.cortsvalencianes.es/publicaciones-CV/obtenerPdfBO?f_id_bocv=XI00120000&idioma=es_ES#page=248,
ex-borruey-montolio-sonia,Borruey Montolío,Sonia,Les Corts Valencianes,Exdiputado/a,False,,Valencia,1,1,1,0,0,0,1,Valencia,Valencia,229602.98,49687.0,18224.0,1,0,67911.0,106877.0,True,190636.98,,,,,ocr,False,,2023-09-05,19,https://www.cortsvalencianes.es/publicaciones-CV/obtenerPdfBO?f_id_bocv=XI00019000&idioma=es_ES#page=128,
ex-bravo-sanestanislao-maria-gabriela,Bravo Sanestanislao,Maria Gabriela,Les Corts Valencianes,Exdiputado/a,False,,Valencia,4,1,0,0,0,3,1,Valencia,Valencia,110021.46,7500.0,0,0,1500.0,9000.0,0,False,119021.46,,,,,ocr,False,,2025-01-21,120,https://www.cortsvalencianes.es/publicaciones-CV/obtenerPdfBO?f_id_bocv=XI00120000&idioma=es_ES#page=253,
ex-broseta-dupre-pablo-gustavo,Broseta Dupre,Pablo Gustavo,Les Corts Valencianes,Exdiputado/a,False,,Valencia,0,0,0,0,0,0,0,,,0,0,3500.0,1,245592.9,252592.9,0,False,252592.9,,,,,ocr,False,,2024-01-17,40,https://www.cortsvalencianes.es/publicaciones-CV/obtenerPdfBO?f_id_bocv=XI00040000&idioma=es_ES#page=279,
ex-bueno-alonso-josefina-antonia,Bueno Alonso,Josefina Antonia,Les Corts Valencianes,Exdiputado/a,False,,Alicante,2,2,0,0,0,0,1,Alicante,Alicante,133240.8,105133.45,3000.0,1,17261.29,125394.74,73765.78,False,184869.76,,,,,texto,False,,2023-09-10,40,https://www.cortsvalencianes.es/publicaciones-CV/obtenerPdfBO?f_id_bocv=XI00040000&idioma=es_ES#page=285,
ex-carrasco-torres-felipe-javier,Carrasco Torres,Felipe Javier,Les Corts Valencianes,Exdiputado/a,False,,Valencia,3,1,1,1,0,1,1,Valencia,Valencia,37737.47,59500.0,15500.0,1,65000.0,140000.0,48755.0,False,128982.47,,,,,ocr,True,La suma de los inmuebles no coincide con el total declarado,2023-09-11,40,https://www.cortsvalencianes.es/publicaciones-CV/obtenerPdfBO?f_id_bocv=XI00040000&idioma=es_ES#page=288,
ex-escrig-llinares-maria-del-rosario,Escrig Llinares,Maria del Rosario,Les Corts Valencianes,Exdiputado/a,False,,Alicante,2,1,0,0,0,1,1,Alicante,Alicante,123430.09,23000.0,13000.0,2,3000.0,39000.0,0,False,162430.09,,,,,ocr,True,La suma de los otros bienes no coincide con el total declarado,2023-08-02,40,https://www.cortsvalencianes.es/publicaciones-CV/obtenerPdfBO?f_id_bocv=XI00040000&idioma=es_ES#page=294,
ex-espana-garcia-arcadi,España García,Arcadi,Les Corts Valencianes,Exdiputado/a,False,,Valencia,5,1,0,1,3,0,1,Valencia,Valencia,115139.28,80403.47,1200.0,1,57578.43,141951.9,0,False,257091.18,,,,,ocr,True,1 dato(s) con lectura dudosa del OCR; La suma de los otros bienes no coincide con el total declarado,2024-01-30,40,https://www.cortsvalencianes.es/publicaciones-CV/obtenerPdfBO?f_id_bocv=XI00040000&idioma=es_ES#page=300,
ex-fabra-part-alberto,Fabra Part,Alberto,Les Corts Valencianes,Exdiputado/a,False,,Castellón,3,2,1,0,0,1,2,Castellón; Teruel,Castellón; Teruel,433822.0,29600.0,56000.0,2,81400.0,168500.0,81701.0,True,520621.0,,,,,ocr,True,3 dato(s) con lectura dudosa del OCR,2023-07-27,40,https://www.cortsvalencianes.es/publicaciones-CV/obtenerPdfBO?f_id_bocv=XI00040000&idioma=es_ES#page=305,
ex-fabregat-carrasquer-susana,Fabregat Carrasquer,Susana,Les Corts Valencianes,Exdiputado/a,False,,Castellón,1,1,0,0,0,0,1,Castellón,Castellón,134284.6,30568.17,21990.0,1,152545.88,205104.05,0,False,339388.65,,,,,ocr,False,,2023-09-05,40,https://www.cortsvalencianes.es/publicaciones-CV/obtenerPdfBO?f_id_bocv=XI00040000&idioma=es_ES#page=311,
ex-fernandez-pardo-ernesto,Fernández Pardo,Ernesto,Les Corts Valencianes,Exdiputado/a,False,,Valencia,4,2,1,0,0,2,1,Valencia,Valencia,137905.66,1469.05,12000.0,2,0,14119.05,154575.97,True,-2551.26,,,,,ocr,False,,2024-03-28,120,https://www.cortsvalencianes.es/publicaciones-CV/obtenerPdfBO?f_id_bocv=XI00120000&idioma=es_ES#page=259,
ex-ibanez-bordonau-ruben,Ibañez Bordonau,Ruben,Les Corts Valencianes,Exdiputado/a,False,,Castellón,4,2,1,0,0,2,1,Castellón,Castellón,119255.0,14500.0,35000.0,2,13000.0,62600.0,220000.0,False,-38145.0,,,,,ocr,True,La suma de los otros bienes no coincide con el total declarado,2023-08-25,40,https://www.cortsvalencianes.es/publicaciones-CV/obtenerPdfBO?f_id_bocv=XI00040000&idioma=es_ES#page=317,
ex-laguna-asensi-carlos,Laguna Asensi,Carlos,Les Corts Valencianes,Exdiputado/a,False,,Castellón,2,2,2,0,0,0,1,Castellón,Castellón,66755.0,86633.57,14000.0,1,11434.77,113347.09,187152.81,False,-7050.72,,,,,ocr,False,,2023-10-17,40,https://www.cortsvalencianes.es/publicaciones-CV/obtenerPdfBO?f_id_bocv=XI00040000&idioma=es_ES#page=323,
ex-lopez-lluch-david-bernardo,Lopez Lluch,David Bernardo,Les Corts Valencianes,Exdiputado/a,False,,Alicante,7,1,0,0,5,1,2,Alicante; Valencia,Alicante,63570.86,46511.46,0,0,0,46511.46,0,False,110082.32,,,,,texto,False,,2024-09-12,120,https://www.cortsvalencianes.es/publicaciones-CV/obtenerPdfBO?f_id_bocv=XI00120000&idioma=es_ES#page=265,
ex-martinez-ramirez-carmen,Martínez Ramírez,Carmen,Les Corts Valencianes,Exdiputado/a,False,,Valencia,6,4,2,0,0,2,2,Alicante; Valencia,Alicante; Valencia,247558.19,58200.0,16000.0,2,80132.0,154332.0,0,False,401890.19,,,,,ocr,True,La suma de los otros bienes no coincide con el total declarado,2023-08-09,40,https://www.cortsvalencianes.es/publicaciones-CV/obtenerPdfBO?f_id_bocv=XI00040000&idioma=es_ES#page=329,
ex-marza-i-ibanez-vicent,Marzà i Ibáñez,Vicent,Les Corts Valencianes,Exdiputado/a,False,,Castellón,4,4,4,0,0,0,1,Castellón,Castellón,100594.69,0,34000,1,0,34000,0,False,134594.69,,,,,manual,False,"Formulario escrito a mano: transcrito a la vista del original (BOCV 120, págs. 271-276)",2024-07-15,120,https://www.cortsvalencianes.es/publicaciones-CV/obtenerPdfBO?f_id_bocv=XI00120000&idioma=es_ES#page=271,
ex-merino-pena-ruth,Merino Peña,Ruth,Les Corts Valencianes,Exdiputado/a,False,,Valencia,3,3,3,0,0,0,2,Castellón; Valencia,Castellón; Valencia,217395.0,11250.0,4100.0,2,1600.0,16950.0,170600.0,True,63745.0,,,,,texto,False,,2023-09-06,40,https://www.cortsvalencianes.es/publicaciones-CV/obtenerPdfBO?f_id_bocv=XI00040000&idioma=es_ES#page=335,
ex-minguez-perez-miguel,Minguez Perez,Miguel,Les Corts Valencianes,Exdiputado/a,False,,Valencia,6,5,5,0,0,1,3,Alicante; Teruel; Valencia,Alicante; Teruel; Valencia,144535569.63,0,0,0,0,0,0,False,144535569.63,,,,,texto,False,,2023-08-16,40,https://www.cortsvalencianes.es/publicaciones-CV/obtenerPdfBO?f_id_bocv=XI00040000&idioma=es_ES#page=338,
ex-mompo-aledo-vicente-jose,Mompo Aledo,Vicente Jose,Les Corts Valencianes,Exdiputado/a,False,,Valencia,2,2,2,0,0,0,1,Valencia,Valencia,63400.29,63599.48,14542.19,1,0,87051.53,197114.65,True,-46662.83,,,,,ocr,False,,2023-10-06,40,https://www.cortsvalencianes.es/publicaciones-CV/obtenerPdfBO?f_id_bocv=XI00040000&idioma=es_ES#page=344,
ex-ortiz-vilella-eva,Ortiz Vilella,Eva,Les Corts Valencianes,Exdiputado/a,False,,Alicante,0,0,0,0,0,0,0,,,0,3880.63,61450.0,2,0,65330.63,0,False,65330.63,,,,,ocr,True,1 dato(s) con lectura dudosa del OCR,2023-08-02,40,https://www.cortsvalencianes.es/publicaciones-CV/obtenerPdfBO?f_id_bocv=XI00040000&idioma=es_ES#page=350,
ex-parra-aparicio-julia,Parra Aparicio,Julia,Les Corts Valencianes,Exdiputado/a,False,,Alicante,0,0,0,0,0,0,0,,,0,3000.0,0,0,0,3000.0,0,False,3000.0,,,,,ocr,False,,2023-08-09,40,https://www.cortsvalencianes.es/publicaciones-CV/obtenerPdfBO?f_id_bocv=XI00040000&idioma=es_ES#page=356,
ex-pradasten-salome,Pradasten,Salomé,Les Corts Valencianes,Exdiputado/a,False,,Castellón,7,0,0,0,3,0,1,Castellón,,142307.24,137560.0,23000.0,2,3300.0,163860.0,110097.0,True,196070.24,,,,,ocr,True,4 inmueble(s) sin tipo reconocible,2023-12-04,40,https://www.cortsvalencianes.es/publicaciones-CV/obtenerPdfBO?f_id_bocv=XI00040000&idioma=es_ES#page=362,
ex-puig-ferrer-ximo,Puig Ferrer,Ximo,Les Corts Valencianes,Exdiputado/a,False,,Valencia,1,0,0,0,0,1,1,Castellón,,148178.54,54375.56,0,0,173525.4,227900.96,38200.62,False,337878.88,,,,,texto,False,La suma de los otros bienes no coincide con el total declarado (así consta en el original),2024-01-12,40,https://www.cortsvalencianes.es/publicaciones-CV/obtenerPdfBO?f_id_bocv=XI00040000&idioma=es_ES#page=368,
ex-rovira-jover-jose-antonio,Rovira Jover,José Antonio,Les Corts Valencianes,Exdiputado/a,False,,Alicante,7,5,1,0,0,2,1,Alicante,Alicante,151646.08,10094.92,0,0,296000.0,306094.92,7347.8,True,450393.2,,,,,ocr,False,,2023-08-31,40,https://www.cortsvalencianes.es/publicaciones-CV/obtenerPdfBO?f_id_bocv=XI00040000&idioma=es_ES#page=374,
ex-sendra-mengual-francisco-javier,Sendra Mengual,Francisco Javier,Les Corts Valencianes,Exdiputado/a,False,,Alicante,7,1,0,0,5,1,1,Alicante,Alicante,38909.27,451322.88,44300.0,1,0,532068.83,29501.13,True,541476.97,,,,,ocr,True,4 dato(s) con lectura dudosa del OCR,2023-09-20,40,https://www.cortsvalencianes.es/publicaciones-CV/obtenerPdfBO?f_id_bocv=XI00040000&idioma=es_ES#page=380,
ex-todoli-masquefa-jose,Todolí Masquefa,José,Les Corts Valencianes,Exdiputado/a,False,,Valencia,5,4,4,0,0,1,2,Alicante; Valencia,Alicante; Valencia,102893.5,12000.0,0,0,89772.0,101772.0,30800.0,True,173865.5,,,,,ocr,False,,2023-10-05,40,https://www.cortsvalencianes.es/publicaciones-CV/obtenerPdfBO?f_id_bocv=XI00040000&idioma=es_ES#page=388,
ex-torro-soler-rebeca,Torró Soler,Rebeca,Les Corts Valencianes,Exdiputado/a,False,,Valencia,1,1,1,0,0,0,1,Valencia,Valencia,34482.53,18333.3,20500.0,2,3301.33,55134.63,109655.25,True,-20038.09,,,,,ocr,True,1 dato(s) con lectura dudosa del OCR; La suma de los otros bienes no coincide con el total declarado; La suma de las deudas no coincide con el total declarado,2024-01-31,40,https://www.cortsvalencianes.es/publicaciones-CV/obtenerPdfBO?f_id_bocv=XI00040000&idioma=es_ES#page=394,
