id,apellidos,nombre,grupo,fecha_registro,apartado,concepto,origen,importe
14e506aa72d70d597b755db69897d454,Abad Soler,Ramón,Socialista,2025-07-15,salarios,RETRIBUCIONES PARLAMENTARIO,CORTS VALENCIANES,57282.07
14e506aa72d70d597b755db69897d454,Abad Soler,Ramón,Socialista,2025-07-15,irpf,Cuota IRPF del año anterior,,14571.76
7a90000d9960e85f6a30cc5266c78c84,Aguilella Ramos,Salvador,Popular,2025-07-09,irpf,Cuota IRPF del año anterior,,19113.79
630c05f386273f073d04d47bc68d6a57,Albiol Talaya,Jesús,Vox Cortes Valencianas,2025-07-30,salarios,RENDIMIENTOS DEL TRABJO,CORTS / AJUNTAMENT,73406.06
630c05f386273f073d04d47bc68d6a57,Albiol Talaya,Jesús,Vox Cortes Valencianas,2025-07-30,irpf,Cuota IRPF del año anterior,,12011.35
7422f819592729e31e0a9a5e05434111,Aleixandre Aleixandre,Ignacio José,Popular,2025-09-02,salarios,EMPLEADO,CORTES VALENCIANAS,48460.72
7422f819592729e31e0a9a5e05434111,Aleixandre Aleixandre,Ignacio José,Popular,2025-09-02,salarios,DESEMPLEADO,SEPE,1114.6
7422f819592729e31e0a9a5e05434111,Aleixandre Aleixandre,Ignacio José,Popular,2025-09-02,dividendos,DIVIDENDO TREA CAJAMAR,,280.0
7422f819592729e31e0a9a5e05434111,Aleixandre Aleixandre,Ignacio José,Popular,2025-09-02,dividendos,DIVIDENDO CAJAMAR,,15.47
7422f819592729e31e0a9a5e05434111,Aleixandre Aleixandre,Ignacio José,Popular,2025-09-02,dividendos,DIVIDENDO CAJAMAR,,8.36
7422f819592729e31e0a9a5e05434111,Aleixandre Aleixandre,Ignacio José,Popular,2025-09-02,irpf,Cuota IRPF del año anterior,,15628.67
8d7c19fdea18bc3d312884b041e59123,Alés Estrella,Joaquín María,Vox Cortes Valencianas,2025-07-30,irpf,Cuota IRPF del año anterior,,8816.63
a12fe3e998f2faeb61a08887c626c538,Alós Valls,Wenceslao,Popular,2025-09-02,salarios,Rend. Trabajo.,Corts Valencianes,50277.11
a12fe3e998f2faeb61a08887c626c538,Alós Valls,Wenceslao,Popular,2025-09-02,salarios,Rend. Trabajo.,Ajuntament Moncofa,8500.0
a12fe3e998f2faeb61a08887c626c538,Alós Valls,Wenceslao,Popular,2025-09-02,salarios,Rend. Trabajo,Consorcio Residuos,610.0
a12fe3e998f2faeb61a08887c626c538,Alós Valls,Wenceslao,Popular,2025-09-02,dividendos,Dividendos acciones varias.,,231.06
a12fe3e998f2faeb61a08887c626c538,Alós Valls,Wenceslao,Popular,2025-09-02,otras,Lloguers,,11929.46
a12fe3e998f2faeb61a08887c626c538,Alós Valls,Wenceslao,Popular,2025-09-02,otras,Ganancia patrimonial venta apartament (20%),,1245.17
a12fe3e998f2faeb61a08887c626c538,Alós Valls,Wenceslao,Popular,2025-09-02,irpf,Cuota IRPF del año anterior,,17928.62
01d9f858b9b54660098060e7d6a90cb7,Álvaro Cerezo,Mónica,Compromís,2025-07-15,salarios,RENDIMENT NET DEL TREBALL,CORTS VALENCIANES,58195.39
01d9f858b9b54660098060e7d6a90cb7,Álvaro Cerezo,Mónica,Compromís,2025-07-15,intereses,SUMA RENDIMIENTOS NETO CAPITAL INMOBILIARIO,,148.11
01d9f858b9b54660098060e7d6a90cb7,Álvaro Cerezo,Mónica,Compromís,2025-07-15,otras,SUMA RENDIMIENTOS NETOS REDUCIDOS DEL CAPITAL INMOBILIARIO,,11272.16
01d9f858b9b54660098060e7d6a90cb7,Álvaro Cerezo,Mónica,Compromís,2025-07-15,irpf,Cuota IRPF del año anterior,,20730.01
d163bb44951c4276030339689575058b,Amigó Laguarda,María José,Compromís,2025-07-22,salarios,RENDIMENTS DE TREBALL,CORTS VALENCIANES,89199.65
d163bb44951c4276030339689575058b,Amigó Laguarda,María José,Compromís,2025-07-22,intereses,RENDIMENTS DE CAPITAL MOBILIARI,,1.4
d163bb44951c4276030339689575058b,Amigó Laguarda,María José,Compromís,2025-07-22,otras,RENDES IMMOBLES,,638.56
d163bb44951c4276030339689575058b,Amigó Laguarda,María José,Compromís,2025-07-22,irpf,Cuota IRPF del año anterior,,30646.82
d9786f9873097c344577c4272117be04,Andújar Durá,Alicia,Socialista,2025-07-01,salarios,RENDIMIENTOS TRABAJO,CORTS VALENCIANES,48561.38
d9786f9873097c344577c4272117be04,Andújar Durá,Alicia,Socialista,2025-07-01,intereses,RENDIMIENTOS CAPITAL MOBILIARIO,,151.64
d9786f9873097c344577c4272117be04,Andújar Durá,Alicia,Socialista,2025-07-01,otras,RENDIMIENTO CAPITAL INMOBILIARIO,,1187.7
d9786f9873097c344577c4272117be04,Andújar Durá,Alicia,Socialista,2025-07-01,otras,RENDIMIENTO ACTIVIDADES ECONÓMICAS,,-524.07
d9786f9873097c344577c4272117be04,Andújar Durá,Alicia,Socialista,2025-07-01,irpf,Cuota IRPF del año anterior,,8317.19
5f519c2d76455f5d0caab5eceb06bf3c,Anglés Querol,Candela,Popular,2025-09-18,irpf,Cuota IRPF del año anterior,,16757.67
46bdc180ff02e95c0bdff74910919e8a,Angulo Luna,María Consuelo,Socialista,2025-07-26,salarios,Retribucions dineràries,Corts valencianes i Ajuntament de Xàtiva,73786.58
46bdc180ff02e95c0bdff74910919e8a,Angulo Luna,María Consuelo,Socialista,2025-07-26,dividendos,,,0.0
46bdc180ff02e95c0bdff74910919e8a,Angulo Luna,María Consuelo,Socialista,2025-07-26,intereses,,,0.0
46bdc180ff02e95c0bdff74910919e8a,Angulo Luna,María Consuelo,Socialista,2025-07-26,otras,"Immoble 1 (Felilx J Martinez), Inmoble 2 (Cardenal Serra), Inmoble 3 (Cardenal Serra)",,60.88
46bdc180ff02e95c0bdff74910919e8a,Angulo Luna,María Consuelo,Socialista,2025-07-26,irpf,Cuota IRPF del año anterior,,20402.55
a49a07f8c0a306f0be940f9473579b74,Baldoví Roda,Joan Josep,Compromís,2025-07-08,salarios,Sou,Corts valencianes,76490.48
a49a07f8c0a306f0be940f9473579b74,Baldoví Roda,Joan Josep,Compromís,2025-07-08,intereses,Lletres del Tresor,,2548.69
a49a07f8c0a306f0be940f9473579b74,Baldoví Roda,Joan Josep,Compromís,2025-07-08,intereses,Participació en fons propis d'entitats,,1.4
a49a07f8c0a306f0be940f9473579b74,Baldoví Roda,Joan Josep,Compromís,2025-07-08,otras,Bens immobles no afectes a activitats econòmiques,,1264.46
a49a07f8c0a306f0be940f9473579b74,Baldoví Roda,Joan Josep,Compromís,2025-07-08,irpf,Cuota IRPF del año anterior,,24454.35
a915da294d6be24f6278e9a7cd17925a,Bartual Bermell,Francisca,Popular,2025-08-07,salarios,RETRIBUCIONES DEL TRABAJO,,65301.2
a915da294d6be24f6278e9a7cd17925a,Bartual Bermell,Francisca,Popular,2025-08-07,irpf,Cuota IRPF del año anterior,,17700.31
a556a967528c40a208523cf700d1a73f,Bastidas Bono,Elena María,Popular,2025-07-14,salarios,RETRIBUCIONES,LES CORTS Y UNIVERSIDAD,43004.09
a556a967528c40a208523cf700d1a73f,Bastidas Bono,Elena María,Popular,2025-07-14,intereses,ACTIVOS FINANCIEROS EN GENERAL,,2093.14
a556a967528c40a208523cf700d1a73f,Bastidas Bono,Elena María,Popular,2025-07-14,irpf,Cuota IRPF del año anterior,,17732.47
7552b271f3adc4719248887b308b0689,Bellver Alcántara,Ana María,Vox Cortes Valencianas,2025-07-16,salarios,SALARIO,CORTES VALENCIANAS,61691.43
7552b271f3adc4719248887b308b0689,Bellver Alcántara,Ana María,Vox Cortes Valencianas,2025-07-16,intereses,rendimientos del capital mobiliario,,149.07
7552b271f3adc4719248887b308b0689,Bellver Alcántara,Ana María,Vox Cortes Valencianas,2025-07-16,otras,bienes inmuebles,,72.17
7552b271f3adc4719248887b308b0689,Bellver Alcántara,Ana María,Vox Cortes Valencianas,2025-07-16,otras,ganancias y pérdidas patrimoniales,,17.55
7552b271f3adc4719248887b308b0689,Bellver Alcántara,Ana María,Vox Cortes Valencianas,2025-07-16,irpf,Cuota IRPF del año anterior,,16499.04
e56249b5beaebd961c6e21213f7ef04d,Besalduch Besalduch,Ana,Socialista,2025-07-29,salarios,INGRESOS NETOS,CORTS VALENCIANES,45155.45
e56249b5beaebd961c6e21213f7ef04d,Besalduch Besalduch,Ana,Socialista,2025-07-29,otras,AJUNTAMENT DE SANT MATEU ASISTENCIES,,4848.0
e56249b5beaebd961c6e21213f7ef04d,Besalduch Besalduch,Ana,Socialista,2025-07-29,irpf,Cuota IRPF del año anterior,,16768.75
802349dec6176f815e96ab76ac5c68c5,Betoret Coll,Vicente,Popular,2025-07-28,salarios,asignacion regalmentaria y honorarios,corts Valencianes y actividad abogado,60043.75
802349dec6176f815e96ab76ac5c68c5,Betoret Coll,Vicente,Popular,2025-07-28,otras,arrendamiento vivienda,,9728.0
802349dec6176f815e96ab76ac5c68c5,Betoret Coll,Vicente,Popular,2025-07-28,irpf,Cuota IRPF del año anterior,,17789.21
644e683b12f8f892f11ee5e60ec73b57,Blanch Marín,Ernesto,Socialista,2025-07-21,salarios,Rendiments del treball,Corts Valencianes,57310.33
644e683b12f8f892f11ee5e60ec73b57,Blanch Marín,Ernesto,Socialista,2025-07-21,intereses,Rendiments de capital Mobiliari,,30.74
644e683b12f8f892f11ee5e60ec73b57,Blanch Marín,Ernesto,Socialista,2025-07-21,irpf,Cuota IRPF del año anterior,,12081.58
acb86fe099f83c904ca8fdd4fde14b9e,Bordera Romá,Juan,Compromís,2025-07-05,salarios,Rendiments nets,,56620.45
acb86fe099f83c904ca8fdd4fde14b9e,Bordera Romá,Juan,Compromís,2025-07-05,irpf,Cuota IRPF del año anterior,,961.2
0f8051d8f31f74db98792b7b28b9ec43,Caballero Hueso,Mercedes,Socialista,2025-07-07,salarios,Nómina,Corts Valencianes,54114.29
0f8051d8f31f74db98792b7b28b9ec43,Caballero Hueso,Mercedes,Socialista,2025-07-07,salarios,Trienios,Generalitat Valenciana,5288.76
0f8051d8f31f74db98792b7b28b9ec43,Caballero Hueso,Mercedes,Socialista,2025-07-07,dividendos,CB Hermanos Caballero,,70.0
0f8051d8f31f74db98792b7b28b9ec43,Caballero Hueso,Mercedes,Socialista,2025-07-07,irpf,Cuota IRPF del año anterior,,16749.04
a8697d170151b9854a47cd0057cdb5e5,Calabuig Vanyó,María José,Compromís,2025-07-09,irpf,Cuota IRPF del año anterior,,15904.93
b30f7aacc1ac2a2c82272b0d145ee2c9,Castelló Sáez,Alfredo Cesáreo,Popular,2025-07-02,salarios,INGRESOS SALARIO,CORTS VALENCIANES,63613.11
b30f7aacc1ac2a2c82272b0d145ee2c9,Castelló Sáez,Alfredo Cesáreo,Popular,2025-07-02,salarios,INGRESOS,INSS,22933.96
b30f7aacc1ac2a2c82272b0d145ee2c9,Castelló Sáez,Alfredo Cesáreo,Popular,2025-07-02,intereses,INTERESES CUENTAS CORRIENTES,,25.63
b30f7aacc1ac2a2c82272b0d145ee2c9,Castelló Sáez,Alfredo Cesáreo,Popular,2025-07-02,otras,GANANCIA PATRIMONIAL POR VENTA DE 64% DE VIVIENDA,,19366.8
b30f7aacc1ac2a2c82272b0d145ee2c9,Castelló Sáez,Alfredo Cesáreo,Popular,2025-07-02,irpf,Cuota IRPF del año anterior,,65315.13
8f5ee5374fa10c8381be83b5f2c164b6,Catalá Verdet,María José,Popular,2025-07-31,salarios,RETRIBUCIONES,RETRIBUCIONES SALARIALES,68758.87
8f5ee5374fa10c8381be83b5f2c164b6,Catalá Verdet,María José,Popular,2025-07-31,intereses,Dividendos y demás rendimientos por participación en fondos propios de entidades,,4.89
8f5ee5374fa10c8381be83b5f2c164b6,Catalá Verdet,María José,Popular,2025-07-31,otras,ARRENDAMIENTOS BIENES E INMUEBLES,,6619.35
8f5ee5374fa10c8381be83b5f2c164b6,Catalá Verdet,María José,Popular,2025-07-31,irpf,Cuota IRPF del año anterior,,36491.67
e0a762dabd3a90f9bd301b316e730340,Chuliá Serra,Laura,Popular,2025-07-08,salarios,retribuciones,cortes valencianas,45859.91
e0a762dabd3a90f9bd301b316e730340,Chuliá Serra,Laura,Popular,2025-07-08,otras,renta inmueble,,258.32
e0a762dabd3a90f9bd301b316e730340,Chuliá Serra,Laura,Popular,2025-07-08,irpf,Cuota IRPF del año anterior,,17915.53
f5a747543aab0bb013aa7fd3ba85a50b,Chulvi Español,José,Socialista,2025-07-08,salarios,Salari,Corts Valencianes,51414.74
f5a747543aab0bb013aa7fd3ba85a50b,Chulvi Español,José,Socialista,2025-07-08,salarios,Indemnitzacions assistències,Ajuntament de Xàbia,12091.53
f5a747543aab0bb013aa7fd3ba85a50b,Chulvi Español,José,Socialista,2025-07-08,irpf,Cuota IRPF del año anterior,,29954.33
ae8c5f31bd01d2b4fe5cf4d8dc62545c,Císcar Martínez,Noelia,Popular,2025-09-24,salarios,RETRIBUCIONES,"LES CORTS, MERCANTIL,",60213.99
ae8c5f31bd01d2b4fe5cf4d8dc62545c,Císcar Martínez,Noelia,Popular,2025-09-24,irpf,Cuota IRPF del año anterior,,23882.91
0ac8666d2dcad5c62a1c1a46afff4879,Contelles Llopis,María Carmen,Popular,2025-09-17,salarios,RETRIBUCIONES,CORTS VALENCIANES,43236.96
0ac8666d2dcad5c62a1c1a46afff4879,Contelles Llopis,María Carmen,Popular,2025-09-17,irpf,Cuota IRPF del año anterior,,15151.98
1a4ed74b0988ef8a88b6bac7896db5e0,Criado Gonzálbez,María de los Ángeles,Vox Cortes Valencianas,2025-07-29,salarios,salario,cortes valencianas,50077.62
1a4ed74b0988ef8a88b6bac7896db5e0,Criado Gonzálbez,María de los Ángeles,Vox Cortes Valencianas,2025-07-29,dividendos,dividendos,,696.9
1a4ed74b0988ef8a88b6bac7896db5e0,Criado Gonzálbez,María de los Ángeles,Vox Cortes Valencianas,2025-07-29,intereses,intereses,,2352.39
1a4ed74b0988ef8a88b6bac7896db5e0,Criado Gonzálbez,María de los Ángeles,Vox Cortes Valencianas,2025-07-29,otras,rentas inmobiliarias,,853.57
1a4ed74b0988ef8a88b6bac7896db5e0,Criado Gonzálbez,María de los Ángeles,Vox Cortes Valencianas,2025-07-29,otras,rendimientos netos capital inmobiliario,,613.17
1a4ed74b0988ef8a88b6bac7896db5e0,Criado Gonzálbez,María de los Ángeles,Vox Cortes Valencianas,2025-07-29,irpf,Cuota IRPF del año anterior,,12601.95
6a26a976a98fb83de940bcc927c75bc0,Díaz Fernández,José Antonio,Socialista,2025-07-18,salarios,SALARIO,CORTS VALENCIANES,60282.9
6a26a976a98fb83de940bcc927c75bc0,Díaz Fernández,José Antonio,Socialista,2025-07-18,salarios,ACTIVIDADES PROFESIONALES,ABOGACIA,9155.58
6a26a976a98fb83de940bcc927c75bc0,Díaz Fernández,José Antonio,Socialista,2025-07-18,irpf,Cuota IRPF del año anterior,,18404.57
f3b3871b1265f2813c0455e6c12df7b1,Dolón Sánchez,Eduardo Jorge,Popular,2025-08-07,salarios,RETRIBUCIONES,LES CORTS Y AYUNTAMIENTO DE,94327.53
f3b3871b1265f2813c0455e6c12df7b1,Dolón Sánchez,Eduardo Jorge,Popular,2025-08-07,otras,ACTIVIDAD ECONÓMICA,,3546.12
f3b3871b1265f2813c0455e6c12df7b1,Dolón Sánchez,Eduardo Jorge,Popular,2025-08-07,irpf,Cuota IRPF del año anterior,,32870.78
84f1bdf9e5261705ddb4f0c11ae95d8b,Espinosa Giménez,Paula Virgínia,Compromís,2025-07-15,salarios,Rendiment del treball,Corts Valencianes,56394.0
84f1bdf9e5261705ddb4f0c11ae95d8b,Espinosa Giménez,Paula Virgínia,Compromís,2025-07-15,irpf,Cuota IRPF del año anterior,,64.34
0e3833abae65cabc1e04efda872089d7,Esteve Aparicio,Carlos,Compromís,2025-07-24,salarios,Rendiments del treball,Corts Valencianes,48561.36
0e3833abae65cabc1e04efda872089d7,Esteve Aparicio,Carlos,Compromís,2025-07-24,intereses,Rendiments del capital mobiliari,,3007.16
0e3833abae65cabc1e04efda872089d7,Esteve Aparicio,Carlos,Compromís,2025-07-24,otras,Rendiments d'activitats econòmiques en estimació directa,,37657.48
0e3833abae65cabc1e04efda872089d7,Esteve Aparicio,Carlos,Compromís,2025-07-24,irpf,Cuota IRPF del año anterior,,28493.66
71bcfcb525537ab1a3e771ef1404f14f,Fernández Aparicio,Sofía,Socialista,2025-07-18,salarios,Rendimientos del trabajo,Corts Valencianes,54253.99
71bcfcb525537ab1a3e771ef1404f14f,Fernández Aparicio,Sofía,Socialista,2025-07-18,irpf,Cuota IRPF del año anterior,,13541.79
d23d8198c129f4f38c9efa014095fe53,Font de Mora Rullán,Alejo,Popular,2025-09-02,salarios,Retribuciones dinerarias,Corts Valncianes,21084.94
d23d8198c129f4f38c9efa014095fe53,Font de Mora Rullán,Alejo,Popular,2025-09-02,salarios,Actividad económica,Adm.Fincas,12777.48
d23d8198c129f4f38c9efa014095fe53,Font de Mora Rullán,Alejo,Popular,2025-09-02,dividendos,Dividendos part. empresa,,9452.37
d23d8198c129f4f38c9efa014095fe53,Font de Mora Rullán,Alejo,Popular,2025-09-02,intereses,Intereses,,97.08
d23d8198c129f4f38c9efa014095fe53,Font de Mora Rullán,Alejo,Popular,2025-09-02,otras,Rendimiento arrendamiento vivienda,,3525.0
d23d8198c129f4f38c9efa014095fe53,Font de Mora Rullán,Alejo,Popular,2025-09-02,irpf,Cuota IRPF del año anterior,,9031.89
363cb0d1d018035be2ce0d3dd94dd08f,Forés Sanz,José,Popular,2025-09-10,salarios,rendimientos del trabajo,retribuciones dinrarias,74888.85
363cb0d1d018035be2ce0d3dd94dd08f,Forés Sanz,José,Popular,2025-09-10,salarios,RENDIMIENTOS DEL TRABAJO,retribucion en especie,13674.84
363cb0d1d018035be2ce0d3dd94dd08f,Forés Sanz,José,Popular,2025-09-10,irpf,Cuota IRPF del año anterior,,23601.94
d31a8c149d0919e093db4e37b21651aa,Fullana Martínez,Gerard,Compromís,2025-07-25,salarios,Sou Diputat Corts Valencianes,Corts Valencianes,59724.0
d31a8c149d0919e093db4e37b21651aa,Fullana Martínez,Gerard,Compromís,2025-07-25,dividendos,,,0.0
d31a8c149d0919e093db4e37b21651aa,Fullana Martínez,Gerard,Compromís,2025-07-25,otras,Immoble,,5400.0
d31a8c149d0919e093db4e37b21651aa,Fullana Martínez,Gerard,Compromís,2025-07-25,irpf,Cuota IRPF del año anterior,,16162.52
74e7a04464ec60753e08d00c92fd0e43,Galcerán Gadea,María del Mar,Popular,2025-09-02,salarios,salario,corts valencianes,55136.37
74e7a04464ec60753e08d00c92fd0e43,Galcerán Gadea,María del Mar,Popular,2025-09-02,dividendos,,,0.0
74e7a04464ec60753e08d00c92fd0e43,Galcerán Gadea,María del Mar,Popular,2025-09-02,dividendos,,,0.0
74e7a04464ec60753e08d00c92fd0e43,Galcerán Gadea,María del Mar,Popular,2025-09-02,intereses,,,0.0
74e7a04464ec60753e08d00c92fd0e43,Galcerán Gadea,María del Mar,Popular,2025-09-02,otras,alquiler piso,,3170.0
74e7a04464ec60753e08d00c92fd0e43,Galcerán Gadea,María del Mar,Popular,2025-09-02,irpf,Cuota IRPF del año anterior,,13043.77
d5569b6db7f2a0438ab63f77d1ca2357,García Madrid,María Teresa,Socialista,2025-07-30,salarios,Rendimiento Neto,Salario,67242.84
d5569b6db7f2a0438ab63f77d1ca2357,García Madrid,María Teresa,Socialista,2025-07-30,intereses,+ rendimientos de cuentas,,1.38
d5569b6db7f2a0438ab63f77d1ca2357,García Madrid,María Teresa,Socialista,2025-07-30,irpf,Cuota IRPF del año anterior,,19340.26
23b3c40600cda23fb0e9bac612fb5aa8,Gascó Enríquez,Beatriz,Popular,2025-07-17,salarios,RETRIBUCIONES,CORTS VALENCIANES,53387.03
23b3c40600cda23fb0e9bac612fb5aa8,Gascó Enríquez,Beatriz,Popular,2025-07-17,otras,ALQUILER,,306.27
23b3c40600cda23fb0e9bac612fb5aa8,Gascó Enríquez,Beatriz,Popular,2025-07-17,irpf,Cuota IRPF del año anterior,,14329.89
c854dd84c3c2e850ed4cce635e540bf5,Gaspar Ramos,Antoni Francesc,Socialista,2025-07-01,salarios,RETRIBUCIONS,CORTS VALENCIANES,69126.75
c854dd84c3c2e850ed4cce635e540bf5,Gaspar Ramos,Antoni Francesc,Socialista,2025-07-01,salarios,RETRIBUCIONS,DIPUTACIÓ VALÈNCIA,207.51
c854dd84c3c2e850ed4cce635e540bf5,Gaspar Ramos,Antoni Francesc,Socialista,2025-07-01,salarios,RETRIBUCIONS,CAIXABANK,80.2
c854dd84c3c2e850ed4cce635e540bf5,Gaspar Ramos,Antoni Francesc,Socialista,2025-07-01,salarios,PLA PENSIONS,CAIXABANK,4592.64
c854dd84c3c2e850ed4cce635e540bf5,Gaspar Ramos,Antoni Francesc,Socialista,2025-07-01,dividendos,VARIOS DIVIDENDOS ACCIONES,,6620.04
c854dd84c3c2e850ed4cce635e540bf5,Gaspar Ramos,Antoni Francesc,Socialista,2025-07-01,intereses,INTERESSOS COMPTES,,6725.16
c854dd84c3c2e850ed4cce635e540bf5,Gaspar Ramos,Antoni Francesc,Socialista,2025-07-01,otras,ACTIVITATS ECONÒMIQUES,,10100.56
c854dd84c3c2e850ed4cce635e540bf5,Gaspar Ramos,Antoni Francesc,Socialista,2025-07-01,otras,GUANYS PATRIMONIALS VENDA ACCIONS,,11311.0
c854dd84c3c2e850ed4cce635e540bf5,Gaspar Ramos,Antoni Francesc,Socialista,2025-07-01,otras,GUANYS VENDA VIVENDA HABITUAL,,14811.86
c854dd84c3c2e850ed4cce635e540bf5,Gaspar Ramos,Antoni Francesc,Socialista,2025-07-01,irpf,Cuota IRPF del año anterior,,24059.81
b27f3627e7552a5cadf74e7d977d7737,Gayo Madera,María Luisa,Popular,2025-08-13,salarios,Salario,Cortes Valencianas,64275.45
b27f3627e7552a5cadf74e7d977d7737,Gayo Madera,María Luisa,Popular,2025-08-13,irpf,Cuota IRPF del año anterior,,20786.04
2c9dd0c2151fbe2f5ba4cab33f82db23,Gigante Melego,Andrea,Popular,2025-08-11,salarios,RENDIMIENTO TRABAJO,CORTS VALENCIANES,49547.3
2c9dd0c2151fbe2f5ba4cab33f82db23,Gigante Melego,Andrea,Popular,2025-08-11,dividendos,,,0.0
2c9dd0c2151fbe2f5ba4cab33f82db23,Gigante Melego,Andrea,Popular,2025-08-11,intereses,,,0.0
2c9dd0c2151fbe2f5ba4cab33f82db23,Gigante Melego,Andrea,Popular,2025-08-11,otras,,,0.0
2c9dd0c2151fbe2f5ba4cab33f82db23,Gigante Melego,Andrea,Popular,2025-08-11,irpf,Cuota IRPF del año anterior,,12859.76
b2a830265b3f092f4d6218075b0901a1,Giner Beltrán,José Domingo,Popular,2025-08-08,irpf,Cuota IRPF del año anterior,,23310.18
6938441d4097bd3f41346c63b2d4495e,Gómez García,María,Popular,2025-09-02,irpf,Cuota IRPF del año anterior,,15995.51
e68c18e259b70c89e2b0197df85ed387,Gómez Rey,Silvia,Socialista,2025-08-05,salarios,NOMINA CONCEJALA,AJUNTAMENT VILA-REAL,19082.08
e68c18e259b70c89e2b0197df85ed387,Gómez Rey,Silvia,Socialista,2025-08-05,salarios,NOMINA DIPUTADA,CORTS VALENCIANES,40787.93
e68c18e259b70c89e2b0197df85ed387,Gómez Rey,Silvia,Socialista,2025-08-05,intereses,ACCIONES SANTANDER,,1000.0
e68c18e259b70c89e2b0197df85ed387,Gómez Rey,Silvia,Socialista,2025-08-05,irpf,Cuota IRPF del año anterior,,23149.3
3676a4e7e411c284c2db84e7eaf02c2e,González de Zárate Unamuno,José Ramón,Popular,2025-07-17,salarios,RETRIBUCIONES,CORTS,82006.65
3676a4e7e411c284c2db84e7eaf02c2e,González de Zárate Unamuno,José Ramón,Popular,2025-07-17,otras,ALQUILER,,-409.02
3676a4e7e411c284c2db84e7eaf02c2e,González de Zárate Unamuno,José Ramón,Popular,2025-07-17,irpf,Cuota IRPF del año anterior,,26162.32
59e4eac3f2df40960f3990b9205bdaf5,González La Red,Magdalena María,Popular,2025-07-10,salarios,Sueldo.Retribuciones netas,Corts valencianes,50038.6
59e4eac3f2df40960f3990b9205bdaf5,González La Red,Magdalena María,Popular,2025-07-10,dividendos,Dividendos,,4965.0
59e4eac3f2df40960f3990b9205bdaf5,González La Red,Magdalena María,Popular,2025-07-10,intereses,Intereses,,102.96
59e4eac3f2df40960f3990b9205bdaf5,González La Red,Magdalena María,Popular,2025-07-10,otras,Rentas inmuebles no afectos a actividad económica,,3966.57
59e4eac3f2df40960f3990b9205bdaf5,González La Red,Magdalena María,Popular,2025-07-10,irpf,Cuota IRPF del año anterior,,13476.8
28659511b404396bcbf8d11ad63b68c4,Granel Cabedo,Vicent,Compromís,2025-07-08,salarios,RENDIMENT NET,CORTS,32492.72
28659511b404396bcbf8d11ad63b68c4,Granel Cabedo,Vicent,Compromís,2025-07-08,salarios,RENDIMENT NET,AUTONOM,12227.69
28659511b404396bcbf8d11ad63b68c4,Granel Cabedo,Vicent,Compromís,2025-07-08,irpf,Cuota IRPF del año anterior,,11075.43
d412ca3a60da0357e3939b322c79328e,Gutiérrez Martín,Javier,Popular,2025-07-17,salarios,RETRIBUCIONES NETAS,CORTS VALENCIANES,57504.86
d412ca3a60da0357e3939b322c79328e,Gutiérrez Martín,Javier,Popular,2025-07-17,salarios,RETRIBUCIONES,PROFESIÓN LIBERAL,17930.32
d412ca3a60da0357e3939b322c79328e,Gutiérrez Martín,Javier,Popular,2025-07-17,intereses,RENDIMIENTOS DE CAPITAL MOBILIARIO,,100.5
d412ca3a60da0357e3939b322c79328e,Gutiérrez Martín,Javier,Popular,2025-07-17,otras,RENDIMIENTOS INMUEBLES,,1292.94
d412ca3a60da0357e3939b322c79328e,Gutiérrez Martín,Javier,Popular,2025-07-17,otras,GANANCIA PATRIMONIAL,,4365.15
d412ca3a60da0357e3939b322c79328e,Gutiérrez Martín,Javier,Popular,2025-07-17,irpf,Cuota IRPF del año anterior,,25917.76
5decc3b3ced261e07bc15ae20bad3b70,Ibáñez Candelera,Rocío,Socialista,2025-07-30,salarios,SALARIO,CORTS VALENCIANES,57944.93
5decc3b3ced261e07bc15ae20bad3b70,Ibáñez Candelera,Rocío,Socialista,2025-07-30,salarios,SALARIO,GENERALITAT VALENCIANA,1887.99
5decc3b3ced261e07bc15ae20bad3b70,Ibáñez Candelera,Rocío,Socialista,2025-07-30,salarios,ASISTENCIAS,AYUNTAMIENTO DE ALTURA,4400.0
5decc3b3ced261e07bc15ae20bad3b70,Ibáñez Candelera,Rocío,Socialista,2025-07-30,salarios,ASISTENCIAS,MANCOMUNIDAD INTERMUNICIPAL,220.0
5decc3b3ced261e07bc15ae20bad3b70,Ibáñez Candelera,Rocío,Socialista,2025-07-30,irpf,Cuota IRPF del año anterior,,15641.69
539fa7dcf6011965f1d727a3bfc799aa,Juárez Pastor,Ana Belén,Socialista,2025-07-21,irpf,Cuota IRPF del año anterior,,6567.39
e3b2502645d9dd61db18364abd797f61,Lecha Tena,Jesús Antonio,Popular,2025-09-01,salarios,Sueldo,Corts Valencianes,58174.06
e3b2502645d9dd61db18364abd797f61,Lecha Tena,Jesús Antonio,Popular,2025-09-01,salarios,Otras,,2693.38
e3b2502645d9dd61db18364abd797f61,Lecha Tena,Jesús Antonio,Popular,2025-09-01,irpf,Cuota IRPF del año anterior,,16371.43
88d9b6cffb6e6e0e1d499322b24b9006,Llanos Pitarch,José María,Vox Cortes Valencianas,2025-07-03,salarios,Retribuciones Dinerarias,Cortes Valencianas,54020.54
88d9b6cffb6e6e0e1d499322b24b9006,Llanos Pitarch,José María,Vox Cortes Valencianas,2025-07-03,salarios,Retribuciones Dinerarias (Trienios),Universitat de Valéncia (Estudi General),7469.88
88d9b6cffb6e6e0e1d499322b24b9006,Llanos Pitarch,José María,Vox Cortes Valencianas,2025-07-03,salarios,Obras científicas,CEDRO,10.79
88d9b6cffb6e6e0e1d499322b24b9006,Llanos Pitarch,José María,Vox Cortes Valencianas,2025-07-03,irpf,Cuota IRPF del año anterior,,25612.17
87f5c37757f4d4faec390cccb7215e59,Llop Montón,Adoración,Popular,2025-09-25,salarios,Salario,Corts Valencianes,53852.25
87f5c37757f4d4faec390cccb7215e59,Llop Montón,Adoración,Popular,2025-09-25,otras,Actividad Agrícola,,598.74
87f5c37757f4d4faec390cccb7215e59,Llop Montón,Adoración,Popular,2025-09-25,otras,Ganancia patrimonial venta inmueble,,22850.0
87f5c37757f4d4faec390cccb7215e59,Llop Montón,Adoración,Popular,2025-09-25,irpf,Cuota IRPF del año anterior,,14787.77
c49430f119f51f9a3281cf5ade3f3d19,Llopis Noheda,Julia María,Vox Cortes Valencianas,2025-07-28,salarios,,,57614.12
c49430f119f51f9a3281cf5ade3f3d19,Llopis Noheda,Julia María,Vox Cortes Valencianas,2025-07-28,intereses,,,4745.9
c49430f119f51f9a3281cf5ade3f3d19,Llopis Noheda,Julia María,Vox Cortes Valencianas,2025-07-28,otras,,,2395.66
c49430f119f51f9a3281cf5ade3f3d19,Llopis Noheda,Julia María,Vox Cortes Valencianas,2025-07-28,irpf,Cuota IRPF del año anterior,,1553.14
33196b0e2b986b4ef033f4d6785a70d6,Lorenz Andrés,José Luis,Socialista,2025-07-15,salarios,RENDIMENTS TREBALL,RENDIMENTS TREBALL,62700.24
33196b0e2b986b4ef033f4d6785a70d6,Lorenz Andrés,José Luis,Socialista,2025-07-15,intereses,INTERESSOS COMPTES,,307.4
33196b0e2b986b4ef033f4d6785a70d6,Lorenz Andrés,José Luis,Socialista,2025-07-15,otras,RENDES IMMOBILIÀRIES,,239.88
33196b0e2b986b4ef033f4d6785a70d6,Lorenz Andrés,José Luis,Socialista,2025-07-15,irpf,Cuota IRPF del año anterior,,14368.61
4befcd47989565d8ab3d9ef65d9b7ebc,Marcos Puig,Verónica,Popular,2025-07-14,salarios,RETRIBUCIÓN,Corts Valencianes,52985.19
4befcd47989565d8ab3d9ef65d9b7ebc,Marcos Puig,Verónica,Popular,2025-07-14,otras,ALQUILER,,12000.0
4befcd47989565d8ab3d9ef65d9b7ebc,Marcos Puig,Verónica,Popular,2025-07-14,irpf,Cuota IRPF del año anterior,,14721.02
830dbc19265692af0c9ea073394e54c9,Martínez Clemor,María del Carmen,Popular,2025-09-23,salarios,,,0.0
830dbc19265692af0c9ea073394e54c9,Martínez Clemor,María del Carmen,Popular,2025-09-23,salarios,retribuciones,Corts Valencianes,63475.13
830dbc19265692af0c9ea073394e54c9,Martínez Clemor,María del Carmen,Popular,2025-09-23,irpf,Cuota IRPF del año anterior,,16457.41
68895633730c3cdf9cd6d9a6291c66d8,Martínez Fuentes,Luis,Popular,2025-10-01,salarios,RETRIBUCIONES,CORTS VALENCIANES Y,50075.0
68895633730c3cdf9cd6d9a6291c66d8,Martínez Fuentes,Luis,Popular,2025-10-01,irpf,Cuota IRPF del año anterior,,17258.63
be5d7de42f88a4811f27df1769d9ed50,Martínez García,Cristina,Socialista,2025-07-08,salarios,Rendimiento neto del trabajo,Corts Valencianes y Asociación,56516.11
be5d7de42f88a4811f27df1769d9ed50,Martínez García,Cristina,Socialista,2025-07-08,intereses,"Intereses de cuentas, depósitos y de activos financieros en general",,332.89
be5d7de42f88a4811f27df1769d9ed50,Martínez García,Cristina,Socialista,2025-07-08,irpf,Cuota IRPF del año anterior,,14786.79
9f6f0fd8fb7b8ec4b80b1c6951f78ef2,Martínez Tarazona,María Nieves,Popular,2025-07-18,salarios,RETRIBUCIONES,CORTS VALENCIANES,51375.03
9f6f0fd8fb7b8ec4b80b1c6951f78ef2,Martínez Tarazona,María Nieves,Popular,2025-07-18,irpf,Cuota IRPF del año anterior,,19777.93
95102e2466e7f2d31493a844b53087e4,Mas Mas,Aitana Joana,Compromís,2025-07-08,salarios,Corts Valencianes,Generalitat Valenciana,61842.45
95102e2466e7f2d31493a844b53087e4,Mas Mas,Aitana Joana,Compromís,2025-07-08,intereses,Rendiments bancaris,,460.9
95102e2466e7f2d31493a844b53087e4,Mas Mas,Aitana Joana,Compromís,2025-07-08,irpf,Cuota IRPF del año anterior,,17230.31
50b62395136e98bd1d3b5c191a508355,Massó Linares,María de los Llanos,Vox Cortes Valencianas,2025-07-29,salarios,Rendimientos del trabajo,Corts Valencianes,99797.81
50b62395136e98bd1d3b5c191a508355,Massó Linares,María de los Llanos,Vox Cortes Valencianas,2025-07-29,otras,Rendimiento capital mobiliario,,173.25
50b62395136e98bd1d3b5c191a508355,Massó Linares,María de los Llanos,Vox Cortes Valencianas,2025-07-29,otras,Bienes inmuebles,,3102.17
50b62395136e98bd1d3b5c191a508355,Massó Linares,María de los Llanos,Vox Cortes Valencianas,2025-07-29,otras,Regímenes especiales de imputación de rentas,,19338.16
50b62395136e98bd1d3b5c191a508355,Massó Linares,María de los Llanos,Vox Cortes Valencianas,2025-07-29,irpf,Cuota IRPF del año anterior,,45708.24
1c8a8943e5d69c215a32b4e229b75ee7,Mazón Guixot,Carlos Arturo,Popular,2025-07-31,salarios,RETRIBUCIONES,,86015.3
1c8a8943e5d69c215a32b4e229b75ee7,Mazón Guixot,Carlos Arturo,Popular,2025-07-31,irpf,Cuota IRPF del año anterior,,27512.78
2fa9a687cb008794e7d0b1457d349593,Mompó Peruga,Benjamín,Socialista,2025-07-08,salarios,Rendiments del treball,Corts Valencianes,51196.35
2fa9a687cb008794e7d0b1457d349593,Mompó Peruga,Benjamín,Socialista,2025-07-08,intereses,"Interessos de comptes, dipòsits i d'actius financers en general",,30.33
2fa9a687cb008794e7d0b1457d349593,Mompó Peruga,Benjamín,Socialista,2025-07-08,otras,Suma d¿imputacions de rendes immobiliàries,,57.64
2fa9a687cb008794e7d0b1457d349593,Mompó Peruga,Benjamín,Socialista,2025-07-08,otras,Suma del rendiment net reduït total de les activitats econòmiques,,-934.72
2fa9a687cb008794e7d0b1457d349593,Mompó Peruga,Benjamín,Socialista,2025-07-08,irpf,Cuota IRPF del año anterior,,12227.72
502e5a1fac82e85f3bc1f1150aff0365,Montaner Berbel,Michel,Socialista,2025-07-02,salarios,diputado Corts,Corts Valencianes,57944.93
502e5a1fac82e85f3bc1f1150aff0365,Montaner Berbel,Michel,Socialista,2025-07-02,salarios,Concejal Ajuntament de Xirivella,Ajuntament de Xirivella,5000.0
502e5a1fac82e85f3bc1f1150aff0365,Montaner Berbel,Michel,Socialista,2025-07-02,intereses,cajamar caja rural,,1.4
502e5a1fac82e85f3bc1f1150aff0365,Montaner Berbel,Michel,Socialista,2025-07-02,irpf,Cuota IRPF del año anterior,,15677.29
300120688addd8e2abfb4bfdd78a2530,Muñoz Lladró,José,Socialista,2025-07-24,salarios,NÓMINA,CORTS VALENCIANES,71735.6
300120688addd8e2abfb4bfdd78a2530,Muñoz Lladró,José,Socialista,2025-07-24,intereses,Intereses Plan Pensiones,,286.85
300120688addd8e2abfb4bfdd78a2530,Muñoz Lladró,José,Socialista,2025-07-24,irpf,Cuota IRPF del año anterior,,21260.36
779d09ce8ff3f318677a1ba2aeafe0b8,Muñoz Pérez,David,Vox Cortes Valencianas,2025-07-16,salarios,Sueldos y salarios,rendimientos del trabajo,89745.77
779d09ce8ff3f318677a1ba2aeafe0b8,Muñoz Pérez,David,Vox Cortes Valencianas,2025-07-16,intereses,rendimiento capital mobiliario,,109.2
779d09ce8ff3f318677a1ba2aeafe0b8,Muñoz Pérez,David,Vox Cortes Valencianas,2025-07-16,otras,actividades económicas estimación directa,,1828.65
779d09ce8ff3f318677a1ba2aeafe0b8,Muñoz Pérez,David,Vox Cortes Valencianas,2025-07-16,irpf,Cuota IRPF del año anterior,,31688.57
21388d4c40c6f090ac04d5c13a0824fb,Muñoz Salvador,José,Vox Cortes Valencianas,2025-07-30,salarios,,,61820.38
21388d4c40c6f090ac04d5c13a0824fb,Muñoz Salvador,José,Vox Cortes Valencianas,2025-07-30,otras,,,0.0
21388d4c40c6f090ac04d5c13a0824fb,Muñoz Salvador,José,Vox Cortes Valencianas,2025-07-30,irpf,Cuota IRPF del año anterior,,15620.95
be1eb9a22b69481fafa518d6d9b4ee3d,Navalón García,María Rosario,Socialista,2025-07-31,irpf,Cuota IRPF del año anterior,,18865.38
19671dbd5959a180191c492455b7a323,Navarro Casillas,Isaura,Compromís,2025-09-04,salarios,sou,corts,69115.45
19671dbd5959a180191c492455b7a323,Navarro Casillas,Isaura,Compromís,2025-09-04,intereses,rendimientos de capital mobiliario,,471.11
19671dbd5959a180191c492455b7a323,Navarro Casillas,Isaura,Compromís,2025-09-04,otras,renta inmueble i donació,,2379.0
19671dbd5959a180191c492455b7a323,Navarro Casillas,Isaura,Compromís,2025-09-04,irpf,Cuota IRPF del año anterior,,17567.05
e6c9b462efcd0b78cc731f96380d433c,Navarro Forcada,María Luisa,Socialista,2025-07-03,salarios,RENTAS DEL TRABAJO,CORTES VALENCIANAS,61775.53
e6c9b462efcd0b78cc731f96380d433c,Navarro Forcada,María Luisa,Socialista,2025-07-03,intereses,Rendimientos de capital mobiliario,,121.68
e6c9b462efcd0b78cc731f96380d433c,Navarro Forcada,María Luisa,Socialista,2025-07-03,otras,Suma de rendimientos netos reducidos del capital inmobiliario,,1316.65
e6c9b462efcd0b78cc731f96380d433c,Navarro Forcada,María Luisa,Socialista,2025-07-03,otras,"Ganan. y pérd. derivadas de acc. particip. en Sociedades y Fondos de Inversión, así como en SOCIMI",,1113.1
e6c9b462efcd0b78cc731f96380d433c,Navarro Forcada,María Luisa,Socialista,2025-07-03,otras,Ganancias patrimoniales derivadas de transmisiones de inmuebles/derechos no afectos a aaee,,2851.69
e6c9b462efcd0b78cc731f96380d433c,Navarro Forcada,María Luisa,Socialista,2025-07-03,irpf,Cuota IRPF del año anterior,,17389.12
624e0654ad6b2f95f0fa639332ae3c78,Pascual Pérez,Miguel,Vox Cortes Valencianas,2025-07-23,salarios,RENDIMIENTOS NETOS DEL TRABAJO,CORTES VALENCIANAS,52313.54
624e0654ad6b2f95f0fa639332ae3c78,Pascual Pérez,Miguel,Vox Cortes Valencianas,2025-07-23,dividendos,RENDIMIENTOS NETOS DE CAPITAL MOBILIARIO,,59.79
624e0654ad6b2f95f0fa639332ae3c78,Pascual Pérez,Miguel,Vox Cortes Valencianas,2025-07-23,otras,ARRENDAMIENTOS NETOS DE INMUEBLES,,670.5
624e0654ad6b2f95f0fa639332ae3c78,Pascual Pérez,Miguel,Vox Cortes Valencianas,2025-07-23,irpf,Cuota IRPF del año anterior,,13810.57
c7fff7b455a6d18e9ee80465c8e59218,Pastor Llorens,Fernando,Popular,2025-07-17,irpf,Cuota IRPF del año anterior,,20494.63
e1316c8e6c793c2c42844429e308cdd3,Peña Villaescusa,Dolores,Popular,2025-09-25,salarios,RETRIBUCIONES,CORTES VALENCIANAS,45978.3
e1316c8e6c793c2c42844429e308cdd3,Peña Villaescusa,Dolores,Popular,2025-09-25,dividendos,SOCIEDAD DIVIDENDOS,,10056.17
e1316c8e6c793c2c42844429e308cdd3,Peña Villaescusa,Dolores,Popular,2025-09-25,otras,INMOBILIARIAS,,48537.91
e1316c8e6c793c2c42844429e308cdd3,Peña Villaescusa,Dolores,Popular,2025-09-25,irpf,Cuota IRPF del año anterior,,26254.15
8a8706e9aa6bb4ead8790bf96e711189,Peral Mateos,Lucía,Popular,2025-07-09,salarios,RETRIBUCIONES,CORTES VALENCIANAS,41319.65
8a8706e9aa6bb4ead8790bf96e711189,Peral Mateos,Lucía,Popular,2025-07-09,irpf,Cuota IRPF del año anterior,,15890.81
6fbdc475600ed1a423f0b369070ed8a9,Pérez Fenoll,Manuel,Popular,2025-07-17,salarios,RETRIBUCIONES NETAS,CASILLA 505 - CASILLA 595,70323.57
6fbdc475600ed1a423f0b369070ed8a9,Pérez Fenoll,Manuel,Popular,2025-07-17,dividendos,DIVIDENDOS Y DEMÁS RENDIMIENTOS EN FONDOS PROPIOS DE ENTIDADES,,4172.75
6fbdc475600ed1a423f0b369070ed8a9,Pérez Fenoll,Manuel,Popular,2025-07-17,intereses,RENDIMIENTOS DE CAPITAL MOBILIARIO,,5437.37
6fbdc475600ed1a423f0b369070ed8a9,Pérez Fenoll,Manuel,Popular,2025-07-17,otras,RENDIMIENTOS INMUEBLES,,-497.16
6fbdc475600ed1a423f0b369070ed8a9,Pérez Fenoll,Manuel,Popular,2025-07-17,irpf,Cuota IRPF del año anterior,,44109.02
3a8c3d3be5b3d510ea39429617ede0b0,Pérez Llorca,Juan Francisco,Popular,2025-07-30,salarios,RETRIBUCIONES NETAS,,88151.82
3a8c3d3be5b3d510ea39429617ede0b0,Pérez Llorca,Juan Francisco,Popular,2025-07-30,dividendos,Rendimientos de capital,,159.14
3a8c3d3be5b3d510ea39429617ede0b0,Pérez Llorca,Juan Francisco,Popular,2025-07-30,irpf,Cuota IRPF del año anterior,,27567.38
6618d2f25f5118a06fb3a18e95023bf1,Peris Cervera,Rosa,Socialista,2025-07-31,salarios,Salarial,Corts Valencianes,57979.0
6618d2f25f5118a06fb3a18e95023bf1,Peris Cervera,Rosa,Socialista,2025-07-31,otras,Arrendamiento,,8256.0
6618d2f25f5118a06fb3a18e95023bf1,Peris Cervera,Rosa,Socialista,2025-07-31,irpf,Cuota IRPF del año anterior,,14078.87
f2d2539d967af445c73fb1c4093d0247,Pina Huertas,Núria,Socialista,2025-07-29,salarios,Rendimiento neto,,87519.0
f2d2539d967af445c73fb1c4093d0247,Pina Huertas,Núria,Socialista,2025-07-29,irpf,Cuota IRPF del año anterior,,27799.12
2e9c558fbbd13e0e16704f7674e21d0f,Pla Herrero,Jesús,Compromís,2025-07-04,salarios,RETRIBUCIÓ DIPUTAT,CORTS VALENCIANES,48155.57
2e9c558fbbd13e0e16704f7674e21d0f,Pla Herrero,Jesús,Compromís,2025-07-04,otras,ENTITATS EN RÈGIM ATRIBUCIÓ RENDES,,21610.38
2e9c558fbbd13e0e16704f7674e21d0f,Pla Herrero,Jesús,Compromís,2025-07-04,otras,RENDES DERIVADES TITULARITAT IMMOBLES,,454.09
2e9c558fbbd13e0e16704f7674e21d0f,Pla Herrero,Jesús,Compromís,2025-07-04,irpf,Cuota IRPF del año anterior,,19145.51
cf05c4919e5d310ac916026435e30350,Ramírez Jurado,María Teresa,Vox Cortes Valencianas,2025-07-03,salarios,Rendimientos de trabajo,Corts Valencianes,61775.45
cf05c4919e5d310ac916026435e30350,Ramírez Jurado,María Teresa,Vox Cortes Valencianas,2025-07-03,intereses,Rendimientos de capital mobiliario,,436.84
cf05c4919e5d310ac916026435e30350,Ramírez Jurado,María Teresa,Vox Cortes Valencianas,2025-07-03,irpf,Cuota IRPF del año anterior,,16269.54
848fe2ff0d4f2b465aef9ca7ca0a0061,Rey Tormos,Romina María del,Socialista,2025-07-14,salarios,Sou,UPV,50636.47
848fe2ff0d4f2b465aef9ca7ca0a0061,Rey Tormos,Romina María del,Socialista,2025-07-14,intereses,Capital Mobiliario,,1.17
848fe2ff0d4f2b465aef9ca7ca0a0061,Rey Tormos,Romina María del,Socialista,2025-07-14,irpf,Cuota IRPF del año anterior,,12269.25
a0644da1b302c0950410822c72a867f8,Roch Cazorla,Dolores,Popular,2025-07-08,salarios,Retribuciones,Cortes Valencianas,37586.1
a0644da1b302c0950410822c72a867f8,Roch Cazorla,Dolores,Popular,2025-07-08,dividendos,No existe,,0.0
a0644da1b302c0950410822c72a867f8,Roch Cazorla,Dolores,Popular,2025-07-08,intereses,No existe,,0.0
a0644da1b302c0950410822c72a867f8,Roch Cazorla,Dolores,Popular,2025-07-08,otras,No existe,,0.0
a0644da1b302c0950410822c72a867f8,Roch Cazorla,Dolores,Popular,2025-07-08,irpf,Cuota IRPF del año anterior,,12950.48
b2f7344348ea21d7636bb315b495b2e7,Roig Oliver,Francesc,Compromís,2025-07-25,salarios,salari,Corts Valencianes,52810.03
b2f7344348ea21d7636bb315b495b2e7,Roig Oliver,Francesc,Compromís,2025-07-25,dividendos,,,0.0
b2f7344348ea21d7636bb315b495b2e7,Roig Oliver,Francesc,Compromís,2025-07-25,intereses,,,0.0
b2f7344348ea21d7636bb315b495b2e7,Roig Oliver,Francesc,Compromís,2025-07-25,otras,,,0.0
b2f7344348ea21d7636bb315b495b2e7,Roig Oliver,Francesc,Compromís,2025-07-25,irpf,Cuota IRPF del año anterior,,14136.17
55625ff952ba3758f52f577a00b08863,Ruiz Castell,Pedro,Socialista,2025-07-08,salarios,Rendimientos del trabajo - Rendimiento neto,,53025.48
55625ff952ba3758f52f577a00b08863,Ruiz Castell,Pedro,Socialista,2025-07-08,salarios,Rendimientos del capital mobiliario - Rendimiento neto,,86.05
55625ff952ba3758f52f577a00b08863,Ruiz Castell,Pedro,Socialista,2025-07-08,irpf,Cuota IRPF del año anterior,,13617.26
cee894ff61146f09bb05642a8ac5ad8a,Ruiz Escrig,Verònica,Compromís,2025-07-09,salarios,Rendiment net,Corts Valencianes,53408.51
cee894ff61146f09bb05642a8ac5ad8a,Ruiz Escrig,Verònica,Compromís,2025-07-09,irpf,Cuota IRPF del año anterior,,14187.09
ff746dfd0f9c3b1bf53fa631c3729271,Salas Maldonado,José,Popular,2025-07-16,salarios,retribuciones,salario,42627.12
ff746dfd0f9c3b1bf53fa631c3729271,Salas Maldonado,José,Popular,2025-07-16,irpf,Cuota IRPF del año anterior,,15576.72
9107223d2314a3e488c77cac83fd150e,Salvador Rubert,María José,Socialista,2025-07-07,irpf,Cuota IRPF del año anterior,,19892.52
4f8851af6bb85aaeae867dac96dcd40a,Sánchez Orta,Yaissel,Socialista,2025-07-17,irpf,Cuota IRPF del año anterior,,14742.29
f1564c5b4820f07749691b89865aeaab,Simó Sancho,Rafael,Socialista,2025-07-08,irpf,Cuota IRPF del año anterior,,11255.39
d0e0b98bcfd5dd8644f66e0113d8ff8d,Soler Beneyto,Víctor,Popular,2025-07-01,salarios,RENDIMIENTOS DEL TRABAJO,"PERCEPCIÓN SALARIAL, SUELDOS,",94788.67
d0e0b98bcfd5dd8644f66e0113d8ff8d,Soler Beneyto,Víctor,Popular,2025-07-01,intereses,"Intereses de cuentas, depósitos y de activos financieros en general",,224.24
d0e0b98bcfd5dd8644f66e0113d8ff8d,Soler Beneyto,Víctor,Popular,2025-07-01,intereses,Saldo neto positivo de ganan./pérd. patrimoniales imputables a 2024 a integrar en la B.I. ahorro,,147.84
d0e0b98bcfd5dd8644f66e0113d8ff8d,Soler Beneyto,Víctor,Popular,2025-07-01,irpf,Cuota IRPF del año anterior,,33964.76
a7a759060d10cd315995ba2f9fca16de,Torres García,Nathalie,Compromís,2025-07-23,salarios,Retribucions diputada,Corts Valencianes,57780.38
a7a759060d10cd315995ba2f9fca16de,Torres García,Nathalie,Compromís,2025-07-23,irpf,Cuota IRPF del año anterior,,15783.33
2eaf7fc8c0f5a6209bae8a51201c7489,Turiel Mollá,Miriam,Vox Cortes Valencianas,2025-07-29,salarios,Retribuciones dinerarias,,54114.29
2eaf7fc8c0f5a6209bae8a51201c7489,Turiel Mollá,Miriam,Vox Cortes Valencianas,2025-07-29,irpf,Cuota IRPF del año anterior,,12939.44
ba526901b3070048086de06d8ab3074f,Vega Campos,Ana,Vox Cortes Valencianas,2025-07-18,salarios,Rendimientos del trabajo,Cortes Valencianas,87680.76
ba526901b3070048086de06d8ab3074f,Vega Campos,Ana,Vox Cortes Valencianas,2025-07-18,intereses,Intereses de cuentas o depósitos,,56.64
ba526901b3070048086de06d8ab3074f,Vega Campos,Ana,Vox Cortes Valencianas,2025-07-18,irpf,Cuota IRPF del año anterior,,21631.27
0213888fead59ad3105761b593ef7335,Villar García,Mario Elías,Socialista,2025-07-03,salarios,Rendimientos del trabajo,Corts Valencianes,57246.04
0213888fead59ad3105761b593ef7335,Villar García,Mario Elías,Socialista,2025-07-03,dividendos,Rendimientos del capital mobiliario,,2477.8
0213888fead59ad3105761b593ef7335,Villar García,Mario Elías,Socialista,2025-07-03,intereses,"Intereses de cuentas, depósitos y de activos financieros en general",,234.17
0213888fead59ad3105761b593ef7335,Villar García,Mario Elías,Socialista,2025-07-03,otras,NO,,0.0
0213888fead59ad3105761b593ef7335,Villar García,Mario Elías,Socialista,2025-07-03,irpf,Cuota IRPF del año anterior,,16856.17
c42fc3925eea9704d2d5a14467546657,Zaplana López,José Juan,Popular,2025-07-07,salarios,Percepciones,Retribuciones,42232.55
c42fc3925eea9704d2d5a14467546657,Zaplana López,José Juan,Popular,2025-07-07,irpf,Cuota IRPF del año anterior,,15323.04
